target_index,source_binding_target_id,source_side,bound_raw_key,bound_candidate_scoring_id,admission_readiness,admission_status,field_pin_status,source_row_count,scalar_leaf_count,candidate_object_id,provenance_chain_complete,semantics_choice_available
1,cb7da74ca6b58e59719a34fd80e0fd793eb55234bf48d6f431229a070e230732,RAW,6000002::S02::A001,,ADMISSION_BLOCKED_MISSING_PROVENANCE,ADMISSION_NOT_READY_MISSING_PROVENANCE,FIELD_PIN_NOT_EXPOSED_GATED_ON_ADMISSION,1,18,,NO,NO
2,1763c8c2cdea8b5fe9ab3d0c04bc4bba133898d1e2a0a55796756aecbab06fee,RAW,6000002::S05::A004,,ADMISSION_BLOCKED_MISSING_PROVENANCE,ADMISSION_NOT_READY_MISSING_PROVENANCE,FIELD_PIN_NOT_EXPOSED_GATED_ON_ADMISSION,1,18,,NO,NO
3,1a25a2e57a139d0801f3618e93bba04591b1963f85f7136eb63af352e620ef4e,RAW,6000002::S05::A005,,ADMISSION_BLOCKED_MISSING_PROVENANCE,ADMISSION_NOT_READY_MISSING_PROVENANCE,FIELD_PIN_NOT_EXPOSED_GATED_ON_ADMISSION,1,18,,NO,NO
4,c53d6dee1377cda3bf2c56bde800ee9a82592156a567516b134e4209c3f4a10d,RAW,6000002::S05::A008,,ADMISSION_BLOCKED_MISSING_PROVENANCE,ADMISSION_NOT_READY_MISSING_PROVENANCE,FIELD_PIN_NOT_EXPOSED_GATED_ON_ADMISSION,1,18,,NO,NO
5,8e9618ef674e9e8a83910bbf63ba464504ed29b4c560993aa10674dbfc56627f,RAW,6000002::S06::A001,,ADMISSION_BLOCKED_MISSING_PROVENANCE,ADMISSION_NOT_READY_MISSING_PROVENANCE,FIELD_PIN_NOT_EXPOSED_GATED_ON_ADMISSION,1,18,,NO,NO
6,4c9412951c4c6dfc83c72fd1c3ce53480d4230e707ced3327f38f35f3cca8b34,RAW,6000002::S06::A002,,ADMISSION_BLOCKED_MISSING_PROVENANCE,ADMISSION_NOT_READY_MISSING_PROVENANCE,FIELD_PIN_NOT_EXPOSED_GATED_ON_ADMISSION,1,18,,NO,NO
7,7e582817ff9bec8e4907d2e07c868c276a7343e9238638e1fb426b69959c39f8,RAW,6000002::S07::A003,,ADMISSION_BLOCKED_MISSING_PROVENANCE,ADMISSION_NOT_READY_MISSING_PROVENANCE,FIELD_PIN_NOT_EXPOSED_GATED_ON_ADMISSION,2,45,,NO,NO
8,b2c2e947a807a7f673e38a5ff083b1bb6dc7ac22d2c9b1950e727b4caa9e80f1,RAW,6000002::S08::A004,,ADMISSION_BLOCKED_MISSING_PROVENANCE,ADMISSION_NOT_READY_MISSING_PROVENANCE,FIELD_PIN_NOT_EXPOSED_GATED_ON_ADMISSION,2,48,,NO,NO
9,3fa9b755ee9efb6284201219a9a035aeca9aa9b76bf8eafcb7cc57fdcb9b2f7f,RAW,6000002::S08::A005,,ADMISSION_BLOCKED_MISSING_PROVENANCE,ADMISSION_NOT_READY_MISSING_PROVENANCE,FIELD_PIN_NOT_EXPOSED_GATED_ON_ADMISSION,2,48,,NO,NO
10,1b3c310c2ff5988c5480906575ab85e8f58b2c0aefffc008ea9768572766c8c0,RAW,6000002::S09::A003,,ADMISSION_BLOCKED_MISSING_PROVENANCE,ADMISSION_NOT_READY_MISSING_PROVENANCE,FIELD_PIN_NOT_EXPOSED_GATED_ON_ADMISSION,2,46,,NO,NO
11,c9e5fcccb774c21536563dfa46e05d771b0ccfbab8f6f6b6900f52376aaff58a,RAW,6000003::S03::A003,,ADMISSION_BLOCKED_MISSING_PROVENANCE,ADMISSION_NOT_READY_MISSING_PROVENANCE,FIELD_PIN_NOT_EXPOSED_GATED_ON_ADMISSION,2,49,,NO,NO
12,cbde6ab9731bb542b4d42e6f52d3ddb1a443e9d2043cafec23aefe9298b58b25,RAW,6000003::S03::A007,,ADMISSION_BLOCKED_MISSING_PROVENANCE,ADMISSION_NOT_READY_MISSING_PROVENANCE,FIELD_PIN_NOT_EXPOSED_GATED_ON_ADMISSION,2,48,,NO,NO
13,4c5c1b8e2081c8776b84b38c4746d5583cb8c6c11bc161bc4415459eb2b65e9e,RAW,6000003::S03::A008,,ADMISSION_BLOCKED_MISSING_PROVENANCE,ADMISSION_NOT_READY_MISSING_PROVENANCE,FIELD_PIN_NOT_EXPOSED_GATED_ON_ADMISSION,2,44,,NO,NO
14,d27c2cf38189dca8b725fbd418e650928b9d8b754052a5c44bd57e268f0c5f53,RAW,6000003::S03::A010,,ADMISSION_BLOCKED_MISSING_PROVENANCE,ADMISSION_NOT_READY_MISSING_PROVENANCE,FIELD_PIN_NOT_EXPOSED_GATED_ON_ADMISSION,1,18,,NO,NO
15,10802b4c10c0d34d51865a0340f7227934e3d58d5b9c8e44a465f57736457740,RAW,6000003::S04::A003,,ADMISSION_BLOCKED_MISSING_PROVENANCE,ADMISSION_NOT_READY_MISSING_PROVENANCE,FIELD_PIN_NOT_EXPOSED_GATED_ON_ADMISSION,2,45,,NO,NO
16,583ff5e16adc601fbd10fff8ca17cb0f99cf6b9362654f782c93b112af3aeea5,RAW,6000003::S06::A002,,ADMISSION_BLOCKED_MISSING_PROVENANCE,ADMISSION_NOT_READY_MISSING_PROVENANCE,FIELD_PIN_NOT_EXPOSED_GATED_ON_ADMISSION,1,18,,NO,NO
17,772ffef9afa1d28f338478ced27596cc717242b868954761a222eff543b0080c,RAW,6000003::S07::A004,,ADMISSION_BLOCKED_MISSING_PROVENANCE,ADMISSION_NOT_READY_MISSING_PROVENANCE,FIELD_PIN_NOT_EXPOSED_GATED_ON_ADMISSION,1,18,,NO,NO
18,146184a4c4e6213e14158df1b30789b22dd083cd35a39b9968ffafa4932cb248,RAW,6000003::S08::A001,,ADMISSION_BLOCKED_MISSING_PROVENANCE,ADMISSION_NOT_READY_MISSING_PROVENANCE,FIELD_PIN_NOT_EXPOSED_GATED_ON_ADMISSION,2,48,,NO,NO
19,109ec7578196097f3e5198328c1702de453afff561d9835876e13b9912176461,RAW,6000003::S08::A004,,ADMISSION_BLOCKED_MISSING_PROVENANCE,ADMISSION_NOT_READY_MISSING_PROVENANCE,FIELD_PIN_NOT_EXPOSED_GATED_ON_ADMISSION,2,46,,NO,NO
20,7d6a173d3edcd1b8579b997d404ee831c37d2bb475d057555b780c9fb4d1782c,RAW,6000006::S01::A001,,ADMISSION_BLOCKED_MISSING_PROVENANCE,ADMISSION_NOT_READY_MISSING_PROVENANCE,FIELD_PIN_NOT_EXPOSED_GATED_ON_ADMISSION,1,18,,NO,NO
21,699c1029d1cc20c03ec7a40483afaed645fbc755eefeccc13b10e8020a058186,RAW,6000006::S01::A004,,ADMISSION_BLOCKED_MISSING_PROVENANCE,ADMISSION_NOT_READY_MISSING_PROVENANCE,FIELD_PIN_NOT_EXPOSED_GATED_ON_ADMISSION,1,18,,NO,NO
22,9d2db523f57241d947785fff6f648423483a7b96dbdafe6c3243c0faa620b7c6,RAW,6000006::S02::A002,,ADMISSION_BLOCKED_MISSING_PROVENANCE,ADMISSION_NOT_READY_MISSING_PROVENANCE,FIELD_PIN_NOT_EXPOSED_GATED_ON_ADMISSION,1,18,,NO,NO
23,c989ba4a9b2b06424fbebb7e1c29be6896f275e1b0956e284eb4e4b1f3f1f660,RAW,6000006::S03::A002,,ADMISSION_BLOCKED_MISSING_PROVENANCE,ADMISSION_NOT_READY_MISSING_PROVENANCE,FIELD_PIN_NOT_EXPOSED_GATED_ON_ADMISSION,2,45,,NO,NO
24,28f15c78c8d24210f1ca37e7a4455a73c27025b8b956ea527a8686e35a76a2e0,RAW,6000006::S03::A003,,ADMISSION_BLOCKED_MISSING_PROVENANCE,ADMISSION_NOT_READY_MISSING_PROVENANCE,FIELD_PIN_NOT_EXPOSED_GATED_ON_ADMISSION,1,18,,NO,NO
25,47865193a7839f424c96401da98728a0143d962c70f4f0aca049d2a36cbf60b0,RAW,6000006::S04::A001,,ADMISSION_BLOCKED_MISSING_PROVENANCE,ADMISSION_NOT_READY_MISSING_PROVENANCE,FIELD_PIN_NOT_EXPOSED_GATED_ON_ADMISSION,2,45,,NO,NO
26,cfbbf7708245556bc2754bcd8937ec174001f047a937a0b256bf145a31cf266b,RAW,6000006::S04::A006,,ADMISSION_BLOCKED_MISSING_PROVENANCE,ADMISSION_NOT_READY_MISSING_PROVENANCE,FIELD_PIN_NOT_EXPOSED_GATED_ON_ADMISSION,2,46,,NO,NO
27,d08690da2f48317f3d18bac772f637c2a83c283cef73733a37bc784738ab29a1,RAW,6000006::S05::A003,,ADMISSION_BLOCKED_MISSING_PROVENANCE,ADMISSION_NOT_READY_MISSING_PROVENANCE,FIELD_PIN_NOT_EXPOSED_GATED_ON_ADMISSION,2,47,,NO,NO
28,7446b8f05506338bd96271ff6fc543356a70d73b6081bea577d2fa7e06df5bc6,RAW,6000006::S05::A004,,ADMISSION_BLOCKED_MISSING_PROVENANCE,ADMISSION_NOT_READY_MISSING_PROVENANCE,FIELD_PIN_NOT_EXPOSED_GATED_ON_ADMISSION,2,46,,NO,NO
29,5e02af59b21accfe90ecd45cef39cf3966adcffb4193086d1037725e2d1d73d4,RAW,6000006::S07::A001,,ADMISSION_BLOCKED_MISSING_PROVENANCE,ADMISSION_NOT_READY_MISSING_PROVENANCE,FIELD_PIN_NOT_EXPOSED_GATED_ON_ADMISSION,2,49,,NO,NO
30,5bec30988f4d36b652ddf948269a07983e0c6404e6c15d9e933572215f262eca,RAW,6000006::S07::A003,,ADMISSION_BLOCKED_MISSING_PROVENANCE,ADMISSION_NOT_READY_MISSING_PROVENANCE,FIELD_PIN_NOT_EXPOSED_GATED_ON_ADMISSION,1,18,,NO,NO
31,251e59752a73f42d521ae5da001b14eaeda7e92ef257bc868ab6e0b7e7a349ac,RAW,6000006::S07::A005,,ADMISSION_BLOCKED_MISSING_PROVENANCE,ADMISSION_NOT_READY_MISSING_PROVENANCE,FIELD_PIN_NOT_EXPOSED_GATED_ON_ADMISSION,2,48,,NO,NO
32,c11d36ef3645607c176ded26170363054f358939f71db3573948daf376e2f9b0,RAW,6000006::S07::A006,,ADMISSION_BLOCKED_MISSING_PROVENANCE,ADMISSION_NOT_READY_MISSING_PROVENANCE,FIELD_PIN_NOT_EXPOSED_GATED_ON_ADMISSION,2,49,,NO,NO
33,f6cfdd27121bddda492095e0bd7db367c5eec9617376ed61e0e7678497e08c94,RAW,6000006::S07::A007,,ADMISSION_BLOCKED_MISSING_PROVENANCE,ADMISSION_NOT_READY_MISSING_PROVENANCE,FIELD_PIN_NOT_EXPOSED_GATED_ON_ADMISSION,1,18,,NO,NO
34,3867e8b9548a5348a10b3fc912197c3a2adcd8fe9ff317ab1e92b1c89d5725d0,RAW,6000006::S08::A004,,ADMISSION_BLOCKED_MISSING_PROVENANCE,ADMISSION_NOT_READY_MISSING_PROVENANCE,FIELD_PIN_NOT_EXPOSED_GATED_ON_ADMISSION,2,52,,NO,NO
35,2fac175331670bc0f3d285824f052681a92cc48ba3105777cdd87cbf9a3ac8d8,RAW,6000006::S08::A006,,ADMISSION_BLOCKED_MISSING_PROVENANCE,ADMISSION_NOT_READY_MISSING_PROVENANCE,FIELD_PIN_NOT_EXPOSED_GATED_ON_ADMISSION,2,61,,NO,NO
36,033c375ce3404f36ecdc8d48dd3895268e3c79cacd252878b7349688459e98e5,RAW,6000006::S08::A008,,ADMISSION_BLOCKED_MISSING_PROVENANCE,ADMISSION_NOT_READY_MISSING_PROVENANCE,FIELD_PIN_NOT_EXPOSED_GATED_ON_ADMISSION,1,18,,NO,NO
37,ff81a551a0974f38721cc25c053108263d19add746f95ff467559a8fe80530d7,RAW,6000006::S09::A001,,ADMISSION_BLOCKED_MISSING_PROVENANCE,ADMISSION_NOT_READY_MISSING_PROVENANCE,FIELD_PIN_NOT_EXPOSED_GATED_ON_ADMISSION,1,18,,NO,NO
38,d14701686883cb0fc0046c1f3c876e8ec34c03ba0dd247087732429b312b42d4,RAW,6000006::S09::A002,,ADMISSION_BLOCKED_MISSING_PROVENANCE,ADMISSION_NOT_READY_MISSING_PROVENANCE,FIELD_PIN_NOT_EXPOSED_GATED_ON_ADMISSION,2,45,,NO,NO
39,098ceeb23995dd702895027c4f70484db24d2961a8afd91dc0c732362588a450,RAW,6000006::S09::A004,,ADMISSION_BLOCKED_MISSING_PROVENANCE,ADMISSION_NOT_READY_MISSING_PROVENANCE,FIELD_PIN_NOT_EXPOSED_GATED_ON_ADMISSION,2,48,,NO,NO
40,74691826b9c8d8061a9dbb859fad95dd288968cff4aafb67d83a30fc7dc3a515,RAW,6000006::S09::A005,,ADMISSION_BLOCKED_MISSING_PROVENANCE,ADMISSION_NOT_READY_MISSING_PROVENANCE,FIELD_PIN_NOT_EXPOSED_GATED_ON_ADMISSION,1,18,,NO,NO
41,36c9a877f537461d63da1ffe0d7be9935e41c2bfcf8337f78bc9c66e6a200ba9,RAW,6000006::S09::A006,,ADMISSION_BLOCKED_MISSING_PROVENANCE,ADMISSION_NOT_READY_MISSING_PROVENANCE,FIELD_PIN_NOT_EXPOSED_GATED_ON_ADMISSION,2,51,,NO,NO
42,d954f872d8bc9a2c3e4ec4138097014f7a314003e1d0f84f1fe5fc5d0ddf1202,RAW,6000006::S11::A001,,ADMISSION_BLOCKED_MISSING_PROVENANCE,ADMISSION_NOT_READY_MISSING_PROVENANCE,FIELD_PIN_NOT_EXPOSED_GATED_ON_ADMISSION,1,18,,NO,NO
43,28cd6a68d17b1bef2ededfa496e36363e8c0b9146596415790a0cdeb4de8177e,RAW,6000006::S11::A003,,ADMISSION_BLOCKED_MISSING_PROVENANCE,ADMISSION_NOT_READY_MISSING_PROVENANCE,FIELD_PIN_NOT_EXPOSED_GATED_ON_ADMISSION,2,49,,NO,NO
44,2fb8b2e1dc74635002fb1ebbaf1119f6227cb8616daa7e72c484b84145284eb2,RAW,6000006::S12::A001,,ADMISSION_BLOCKED_MISSING_PROVENANCE,ADMISSION_NOT_READY_MISSING_PROVENANCE,FIELD_PIN_NOT_EXPOSED_GATED_ON_ADMISSION,2,45,,NO,NO
45,c73eb218f77cb14e8f42739807fc95ccb5107a94e26a2af970c41980c251d8d2,RAW,6000006::S12::A002,,ADMISSION_BLOCKED_MISSING_PROVENANCE,ADMISSION_NOT_READY_MISSING_PROVENANCE,FIELD_PIN_NOT_EXPOSED_GATED_ON_ADMISSION,2,46,,NO,NO
46,0f3c72cd8d4773e0ae75e47c33bc34e3d96560714a397cbeb2247faa0e3eb331,RAW,6000006::S12::A004,,ADMISSION_BLOCKED_MISSING_PROVENANCE,ADMISSION_NOT_READY_MISSING_PROVENANCE,FIELD_PIN_NOT_EXPOSED_GATED_ON_ADMISSION,2,44,,NO,NO
47,ee1a34e2352a636cf6f3eb6679933cc7d82f51cb9953ba838d1ae137f76c465b,RAW,6000007::S03::A006,,ADMISSION_BLOCKED_MISSING_PROVENANCE,ADMISSION_NOT_READY_MISSING_PROVENANCE,FIELD_PIN_NOT_EXPOSED_GATED_ON_ADMISSION,2,45,,NO,NO
48,0256c00ee60593504699c44880d5c50af81eb2b7d4cfa78a1092b022f4aad180,RAW,6000007::S03::A007,,ADMISSION_BLOCKED_MISSING_PROVENANCE,ADMISSION_NOT_READY_MISSING_PROVENANCE,FIELD_PIN_NOT_EXPOSED_GATED_ON_ADMISSION,2,45,,NO,NO
49,6dc4c4c3fbfc4b3f20a9e4240b96e250cc9b101e3eeeda273935e9f68c47b251,RAW,6000007::S03::A009,,ADMISSION_BLOCKED_MISSING_PROVENANCE,ADMISSION_NOT_READY_MISSING_PROVENANCE,FIELD_PIN_NOT_EXPOSED_GATED_ON_ADMISSION,2,49,,NO,NO
50,1e34e604a24038487a47decad5c357f2a59ab4d504f72b351d7da42e2f2baef1,RAW,6000007::S03::A011,,ADMISSION_BLOCKED_MISSING_PROVENANCE,ADMISSION_NOT_READY_MISSING_PROVENANCE,FIELD_PIN_NOT_EXPOSED_GATED_ON_ADMISSION,2,46,,NO,NO
51,33921558a444f6625ca6f4e74db09ea08c5f782db3e061db51dcba77a9d7bc9d,RAW,6000007::S04::A001,,ADMISSION_BLOCKED_MISSING_PROVENANCE,ADMISSION_NOT_READY_MISSING_PROVENANCE,FIELD_PIN_NOT_EXPOSED_GATED_ON_ADMISSION,2,49,,NO,NO
52,b0f4e050da481eba5c249e9c49bdd2c9913efcc1e0b40bf5a107df738b91d01a,RAW,6000007::S04::A003,,ADMISSION_BLOCKED_MISSING_PROVENANCE,ADMISSION_NOT_READY_MISSING_PROVENANCE,FIELD_PIN_NOT_EXPOSED_GATED_ON_ADMISSION,2,48,,NO,NO
53,f69d79b3745e3bd5c6075e744eb0c9193976f2e772df53311adfd1629fb19856,RAW,6000007::S06::A001,,ADMISSION_BLOCKED_MISSING_PROVENANCE,ADMISSION_NOT_READY_MISSING_PROVENANCE,FIELD_PIN_NOT_EXPOSED_GATED_ON_ADMISSION,1,18,,NO,NO
54,231ff27b9d50af2aea405918adbf85d874ae27460820f355f667a3e4599307b2,RAW,6000007::S06::A002,,ADMISSION_BLOCKED_MISSING_PROVENANCE,ADMISSION_NOT_READY_MISSING_PROVENANCE,FIELD_PIN_NOT_EXPOSED_GATED_ON_ADMISSION,2,46,,NO,NO
55,4cab5a6af575ddc734d7898e63980b83b41d9455bfee29a75ad76c9488f672d1,RAW,6000007::S06::A003,,ADMISSION_BLOCKED_MISSING_PROVENANCE,ADMISSION_NOT_READY_MISSING_PROVENANCE,FIELD_PIN_NOT_EXPOSED_GATED_ON_ADMISSION,2,46,,NO,NO
56,32dde6688f53d61bfeac4ef110d3e4a15a7cf1a057585ff0670f697dfb8edbed,RAW,6000007::S06::A004,,ADMISSION_BLOCKED_MISSING_PROVENANCE,ADMISSION_NOT_READY_MISSING_PROVENANCE,FIELD_PIN_NOT_EXPOSED_GATED_ON_ADMISSION,1,18,,NO,NO
57,437991ab767eb3707ba93f6b2be3367d02410bd0ed95331af8f2a57d0b967030,RAW,6000007::S06::A005,,ADMISSION_BLOCKED_MISSING_PROVENANCE,ADMISSION_NOT_READY_MISSING_PROVENANCE,FIELD_PIN_NOT_EXPOSED_GATED_ON_ADMISSION,1,18,,NO,NO
58,6b2273f14102cbc436ff2650b4b550b006a084f7f2d4fdbdfe8fe970c47af443,RAW,6000007::S07::A001,,ADMISSION_BLOCKED_MISSING_PROVENANCE,ADMISSION_NOT_READY_MISSING_PROVENANCE,FIELD_PIN_NOT_EXPOSED_GATED_ON_ADMISSION,2,46,,NO,NO
59,42dd7fcd4371096007dfb15b78b6d124260685879406b26a0d5f08f720a78a75,RAW,6000007::S07::A002,,ADMISSION_BLOCKED_MISSING_PROVENANCE,ADMISSION_NOT_READY_MISSING_PROVENANCE,FIELD_PIN_NOT_EXPOSED_GATED_ON_ADMISSION,2,48,,NO,NO
60,4df5d32eb2ed55e2f4adb33e98a98bbea2ed3fcaa040635986c2c0f32698618e,RAW,6000007::S08::A001,,ADMISSION_BLOCKED_MISSING_PROVENANCE,ADMISSION_NOT_READY_MISSING_PROVENANCE,FIELD_PIN_NOT_EXPOSED_GATED_ON_ADMISSION,2,44,,NO,NO
61,f3081c555d426b74509eec7778461477fd13e423d681e1c9baf79d655473b8ff,RAW,6000007::S08::A002,,ADMISSION_BLOCKED_MISSING_PROVENANCE,ADMISSION_NOT_READY_MISSING_PROVENANCE,FIELD_PIN_NOT_EXPOSED_GATED_ON_ADMISSION,2,44,,NO,NO
62,33f5eb995086463dcd57a201859a394815bc24df87924b19f9a6953595effb79,RAW,6000007::S08::A004,,ADMISSION_BLOCKED_MISSING_PROVENANCE,ADMISSION_NOT_READY_MISSING_PROVENANCE,FIELD_PIN_NOT_EXPOSED_GATED_ON_ADMISSION,2,45,,NO,NO
63,6425b65c543b12b01258193882492ea4e78ee9594677e641f4bf9bf690a94845,RAW,6000007::S08::A005,,ADMISSION_BLOCKED_MISSING_PROVENANCE,ADMISSION_NOT_READY_MISSING_PROVENANCE,FIELD_PIN_NOT_EXPOSED_GATED_ON_ADMISSION,2,45,,NO,NO
64,9cdb29bd53262637917848f3564e7dc674e2929af993040a25b09c1b4abfa6e2,RAW,6000007::S08::A006,,ADMISSION_BLOCKED_MISSING_PROVENANCE,ADMISSION_NOT_READY_MISSING_PROVENANCE,FIELD_PIN_NOT_EXPOSED_GATED_ON_ADMISSION,2,48,,NO,NO
65,ebacca1c06e5f291d65588f6d10e3ac7a00244cd1c9716470ed32dfbfed8f133,RAW,6000007::S08::A007,,ADMISSION_BLOCKED_MISSING_PROVENANCE,ADMISSION_NOT_READY_MISSING_PROVENANCE,FIELD_PIN_NOT_EXPOSED_GATED_ON_ADMISSION,2,45,,NO,NO
66,276aea4d92aef5a6b83d15f552724eaf3f8150b417c2aac7af61461bef125ee6,RAW,6000007::S09::A002,,ADMISSION_BLOCKED_MISSING_PROVENANCE,ADMISSION_NOT_READY_MISSING_PROVENANCE,FIELD_PIN_NOT_EXPOSED_GATED_ON_ADMISSION,2,50,,NO,NO
67,f314cc8bf4519c53e9e530efe70135e7ed595329f05782e1924079ee3df0da65,RAW,6000007::S09::A003,,ADMISSION_BLOCKED_MISSING_PROVENANCE,ADMISSION_NOT_READY_MISSING_PROVENANCE,FIELD_PIN_NOT_EXPOSED_GATED_ON_ADMISSION,2,49,,NO,NO
68,7870965a8c0a6a4134b75c21b7abfe75934e9ac9f660a185ae18383f96667c43,RAW,6000007::S09::A004,,ADMISSION_BLOCKED_MISSING_PROVENANCE,ADMISSION_NOT_READY_MISSING_PROVENANCE,FIELD_PIN_NOT_EXPOSED_GATED_ON_ADMISSION,2,45,,NO,NO
69,c7496ab05aae05712b07c6bc86bae52b88266d921fe47c11d09daded98619e91,RAW,6000007::S10::A002,,ADMISSION_BLOCKED_MISSING_PROVENANCE,ADMISSION_NOT_READY_MISSING_PROVENANCE,FIELD_PIN_NOT_EXPOSED_GATED_ON_ADMISSION,2,53,,NO,NO
70,0babe7e53fceda8642ff07170ca62815b7410f4dde84e13f8812cd8e65706d3f,RAW,6000007::S11::A002,,ADMISSION_BLOCKED_MISSING_PROVENANCE,ADMISSION_NOT_READY_MISSING_PROVENANCE,FIELD_PIN_NOT_EXPOSED_GATED_ON_ADMISSION,1,18,,NO,NO
71,8b55f183b40419351d98baf72ce02f2346a38b50d21f06756083a356ed1b3a80,RAW,6000007::S11::A004,,ADMISSION_BLOCKED_MISSING_PROVENANCE,ADMISSION_NOT_READY_MISSING_PROVENANCE,FIELD_PIN_NOT_EXPOSED_GATED_ON_ADMISSION,2,46,,NO,NO
72,ccbeb989f2329c317104526130a387e1f549ea82360d9b6910f68f0b0b921e69,RAW,6000008::S01::A006,,ADMISSION_BLOCKED_MISSING_PROVENANCE,ADMISSION_NOT_READY_MISSING_PROVENANCE,FIELD_PIN_NOT_EXPOSED_GATED_ON_ADMISSION,2,47,,NO,NO
73,4d3c0be2ff40f2c3ec65bdcbef4cbd583726997eb02e7e6d95d5c34be4b582e5,RAW,6000008::S02::A001,,ADMISSION_BLOCKED_MISSING_PROVENANCE,ADMISSION_NOT_READY_MISSING_PROVENANCE,FIELD_PIN_NOT_EXPOSED_GATED_ON_ADMISSION,2,47,,NO,NO
74,9269b718ff72d5f9ded670803d80c198ba8672cb67d512956f0c02a4d752ed8b,RAW,6000008::S02::A003,,ADMISSION_BLOCKED_MISSING_PROVENANCE,ADMISSION_NOT_READY_MISSING_PROVENANCE,FIELD_PIN_NOT_EXPOSED_GATED_ON_ADMISSION,2,46,,NO,NO
75,1090a1f314e7cd56a7fff26f1d3e48c367480370dab8fe5e0bf65b72bc2feb90,RAW,6000008::S02::A004,,ADMISSION_BLOCKED_MISSING_PROVENANCE,ADMISSION_NOT_READY_MISSING_PROVENANCE,FIELD_PIN_NOT_EXPOSED_GATED_ON_ADMISSION,2,45,,NO,NO
76,1d9a3eb918c48d1ba6f8104a4c122b50c6e2aeb33e57a67484e435d9ab657f86,RAW,6000008::S02::A005,,ADMISSION_BLOCKED_MISSING_PROVENANCE,ADMISSION_NOT_READY_MISSING_PROVENANCE,FIELD_PIN_NOT_EXPOSED_GATED_ON_ADMISSION,1,18,,NO,NO
77,19859ba06e6176f99878de6e09db7a9c3558ff5d0c9978befc2d5bfe3391dd50,RAW,6000008::S03::A001,,ADMISSION_BLOCKED_MISSING_PROVENANCE,ADMISSION_NOT_READY_MISSING_PROVENANCE,FIELD_PIN_NOT_EXPOSED_GATED_ON_ADMISSION,2,45,,NO,NO
78,5fa3bb82a9204988bf51fc66fe0c8158292116399b7afdace9f7957c2b967f28,RAW,6000008::S03::A005,,ADMISSION_BLOCKED_MISSING_PROVENANCE,ADMISSION_NOT_READY_MISSING_PROVENANCE,FIELD_PIN_NOT_EXPOSED_GATED_ON_ADMISSION,2,44,,NO,NO
79,88ef0352febf5adc77af2d4cf2fe13a2462f303d1f939ffe1286cc793f9f18c0,RAW,6000008::S04::A002,,ADMISSION_BLOCKED_MISSING_PROVENANCE,ADMISSION_NOT_READY_MISSING_PROVENANCE,FIELD_PIN_NOT_EXPOSED_GATED_ON_ADMISSION,2,45,,NO,NO
80,eb49a623dd01981f99fdb3400586adfd9a7dbb60af7bf6cfbd81dc35f5cdeac9,RAW,6000008::S05::A001,,ADMISSION_BLOCKED_MISSING_PROVENANCE,ADMISSION_NOT_READY_MISSING_PROVENANCE,FIELD_PIN_NOT_EXPOSED_GATED_ON_ADMISSION,2,44,,NO,NO
81,3293532eba93cc86dc3326f2fa546aaba309845cba2a593c50783e3860fbf9a6,RAW,6000008::S05::A004,,ADMISSION_BLOCKED_MISSING_PROVENANCE,ADMISSION_NOT_READY_MISSING_PROVENANCE,FIELD_PIN_NOT_EXPOSED_GATED_ON_ADMISSION,1,18,,NO,NO
82,20546557dbbe9dccf1301f148ad3244bff865fb955ec5f4763eda3d24e1dff79,RAW,6000008::S05::A006,,ADMISSION_BLOCKED_MISSING_PROVENANCE,ADMISSION_NOT_READY_MISSING_PROVENANCE,FIELD_PIN_NOT_EXPOSED_GATED_ON_ADMISSION,1,18,,NO,NO
83,99a1cada354ae27159a05c68f0d895efda9f8ac436615904ea09dd507e207f59,RAW,6000008::S06::A002,,ADMISSION_BLOCKED_MISSING_PROVENANCE,ADMISSION_NOT_READY_MISSING_PROVENANCE,FIELD_PIN_NOT_EXPOSED_GATED_ON_ADMISSION,2,49,,NO,NO
84,522d695a351e92bf1fa9e675c955c3553d41f61a5bf1b3f7469a89bbf0863d47,RAW,6000008::S07::A002,,ADMISSION_BLOCKED_MISSING_PROVENANCE,ADMISSION_NOT_READY_MISSING_PROVENANCE,FIELD_PIN_NOT_EXPOSED_GATED_ON_ADMISSION,2,49,,NO,NO
85,745ef25d3d87d6f16e4b2aa4e5b15213c9546ac0c7fea14d12432fb9e0f63f74,RAW,6000008::S07::A003,,ADMISSION_BLOCKED_MISSING_PROVENANCE,ADMISSION_NOT_READY_MISSING_PROVENANCE,FIELD_PIN_NOT_EXPOSED_GATED_ON_ADMISSION,2,47,,NO,NO
86,1ef4d659f3da0afc0dfaeb79649ef7ab45c77a16e9abe9ef9526a401133cef72,RAW,6000008::S08::A002,,ADMISSION_BLOCKED_MISSING_PROVENANCE,ADMISSION_NOT_READY_MISSING_PROVENANCE,FIELD_PIN_NOT_EXPOSED_GATED_ON_ADMISSION,2,46,,NO,NO
87,e0609c3ac016b45c8c264a90ce1a8139f24151da15a4e90c52b10f0f8fca5f24,CANDIDATE,,008d4ab03cd28558a5fb2e22f509e55913ea9f7d4a0a40741d05409184345e6c,ADMISSION_BLOCKED_MISSING_PROVENANCE,ADMISSION_NOT_READY_MISSING_PROVENANCE,FIELD_PIN_NOT_EXPOSED_GATED_ON_ADMISSION,1,19,,NO,NO
88,68101eaee0eab845e763d3078c57fee8e1d54379a66b489a78d457c2bf0930f2,CANDIDATE,,04744be860199b3ecbc71b016a631e6fe561774ccc83b3dbce15275fc033189b,ADMISSION_BLOCKED_MISSING_PROVENANCE,ADMISSION_NOT_READY_MISSING_PROVENANCE,FIELD_PIN_NOT_EXPOSED_GATED_ON_ADMISSION,1,18,,NO,NO
89,9fd089528a7145bafa133b3b9d7e578d399847bd01e4d58bbc7a3a63a5250f0d,CANDIDATE,,04f911168b9ac71a1f3bcb3b64ede2dfca4ff03384e49217388c15dce4a04fb4,ADMISSION_BLOCKED_MISSING_PROVENANCE,ADMISSION_NOT_READY_MISSING_PROVENANCE,FIELD_PIN_NOT_EXPOSED_GATED_ON_ADMISSION,1,19,,NO,NO
90,bb9e2781de3858a705db006fa438d9f45c1c8494dbb58929074f96b85acbf3b1,CANDIDATE,,053e33d4fb460317841072ea12f0416acdf5ee7d2c63ce53f59489a349a3d3fb,ADMISSION_BLOCKED_MISSING_PROVENANCE,ADMISSION_NOT_READY_MISSING_PROVENANCE,FIELD_PIN_NOT_EXPOSED_GATED_ON_ADMISSION,1,18,,NO,NO
91,00046ecd5556e0aaad28136850dc56aa278f0ca51f94cf15aa79b9703da8d3e6,CANDIDATE,,0826ec886123792f8a62d044feb37d18bd5c62a33d9f195d349d58cfc5513c09,ADMISSION_BLOCKED_MISSING_PROVENANCE,ADMISSION_NOT_READY_MISSING_PROVENANCE,FIELD_PIN_NOT_EXPOSED_GATED_ON_ADMISSION,1,20,,NO,NO
92,42cfc49856b90708914c509febd68518fc51acb76786179fa3e538ccabf51524,CANDIDATE,,0b1bcf76ccefc95476b3ae14958eb0c26e91fa32c473a688485398d66b052a00,ADMISSION_BLOCKED_MISSING_PROVENANCE,ADMISSION_NOT_READY_MISSING_PROVENANCE,FIELD_PIN_NOT_EXPOSED_GATED_ON_ADMISSION,1,19,,NO,NO
93,dbbde6a302fb48bea83dcc411a633cbc628cbeaf8bc5515192458e7774f916b1,CANDIDATE,,0cf6c73721775f82442e43805ea3d52c62e8d036d21e39ee6e8a81049b9e3db5,ADMISSION_BLOCKED_MISSING_PROVENANCE,ADMISSION_NOT_READY_MISSING_PROVENANCE,FIELD_PIN_NOT_EXPOSED_GATED_ON_ADMISSION,1,20,,NO,NO
94,286aef0afae082d9873467cbc0a7e7145de95530519e5817b03a562059d15a39,CANDIDATE,,0e929076ea420b23d39e34aac433216b2f0a12e3bd2d8b82b5c00f81d0f66caf,ADMISSION_BLOCKED_MISSING_PROVENANCE,ADMISSION_NOT_READY_MISSING_PROVENANCE,FIELD_PIN_NOT_EXPOSED_GATED_ON_ADMISSION,1,19,,NO,NO
95,a81b0547ac30ce4ff9c4f71d4d5ff465af31cc5fcb3f0f35d828d041257ffea7,CANDIDATE,,0ecaabdf9fca30b81e9b717a6c32fa344ac3834449a46c9cac38f6e2d43e41f7,ADMISSION_BLOCKED_MISSING_PROVENANCE,ADMISSION_NOT_READY_MISSING_PROVENANCE,FIELD_PIN_NOT_EXPOSED_GATED_ON_ADMISSION,1,25,,NO,NO
96,853a1f6ae748ac247a20b87c71304016bab544354cdf98bcb1d4ad09b854f53b,CANDIDATE,,0fa90c0583bdeab7a1f81d0fb1a25e7b33e757c0f3ab71b7fb42129e8abacc90,ADMISSION_BLOCKED_MISSING_PROVENANCE,ADMISSION_NOT_READY_MISSING_PROVENANCE,FIELD_PIN_NOT_EXPOSED_GATED_ON_ADMISSION,1,19,,NO,NO
97,ed0564b4aa3beb88975c1f5a6a2067a1b84fb8bcca5a8449f45c8d2b1a8732e5,CANDIDATE,,105831ef6fa8e47c5b24306b2026bdc64b1cdfaa5a88753a993e023cb6ec8000,ADMISSION_BLOCKED_MISSING_PROVENANCE,ADMISSION_NOT_READY_MISSING_PROVENANCE,FIELD_PIN_NOT_EXPOSED_GATED_ON_ADMISSION,1,25,,NO,NO
98,8a7688677ce0bf937ce714d6661683aaf4c681b70e1e5b8047c4e803dc30e9e2,CANDIDATE,,11049d21cf7e192d1e87bf77f3d17c527a8de28d2aa44d247277c91a054099a7,ADMISSION_BLOCKED_MISSING_PROVENANCE,ADMISSION_NOT_READY_MISSING_PROVENANCE,FIELD_PIN_NOT_EXPOSED_GATED_ON_ADMISSION,1,17,,NO,NO
99,d531e270979e87514591479510eefebd99a55b734951943db2ec1cabfccdb1d3,CANDIDATE,,1139a4edf7c0e2325bc8f15932edaf3fd4575dfde473fef2705c366efb0b078f,ADMISSION_BLOCKED_MISSING_PROVENANCE,ADMISSION_NOT_READY_MISSING_PROVENANCE,FIELD_PIN_NOT_EXPOSED_GATED_ON_ADMISSION,1,25,,NO,NO
100,611dade976be5b8bf78d36d445663ab5d02d7bdbdf3e11eb29640bcc4272283e,CANDIDATE,,119eaa128202fbd7884b9593f760733c4301c867d2eef22c2e1cbb40b8549265,ADMISSION_BLOCKED_MISSING_PROVENANCE,ADMISSION_NOT_READY_MISSING_PROVENANCE,FIELD_PIN_NOT_EXPOSED_GATED_ON_ADMISSION,1,21,,NO,NO
101,a0ccc2f068d349cfafaf6a2022b6823508a99f9cab1e16244bf4c07715f4b397,CANDIDATE,,14e721fc4dfaca3711201f7216ef38b1d824a3de8c35396245e14057d2e7ced6,ADMISSION_BLOCKED_MISSING_PROVENANCE,ADMISSION_NOT_READY_MISSING_PROVENANCE,FIELD_PIN_NOT_EXPOSED_GATED_ON_ADMISSION,1,19,,NO,NO
102,eb136e3a2cb6982f69cb5b4612d3802caff6b688398b58ed8382ce876968dfaa,CANDIDATE,,16c3409337911d763815c4fcfd60c9e9f429d3e2ff18111d9aeabcfa817e0b8e,ADMISSION_BLOCKED_MISSING_PROVENANCE,ADMISSION_NOT_READY_MISSING_PROVENANCE,FIELD_PIN_NOT_EXPOSED_GATED_ON_ADMISSION,1,19,,NO,NO
103,9e5a1ffdc8eb5ad7ad7b93c755a16dd4314b32a8579ac5cb0b0c0a4e938458a2,CANDIDATE,,19262986ee581acdbd3bedfd5054df6f1ca839699fb717774ddaf255a902fe1f,ADMISSION_BLOCKED_MISSING_PROVENANCE,ADMISSION_NOT_READY_MISSING_PROVENANCE,FIELD_PIN_NOT_EXPOSED_GATED_ON_ADMISSION,1,21,,NO,NO
104,bfd632f1224b2f42ba4f430bc25b6e7aff602deace64112cdc9f3c3abc11bea5,CANDIDATE,,19d6adefaacb182a62d61812584ed7cfacf5d12b5d5dcc5eb42d7d137a331d3d,ADMISSION_BLOCKED_MISSING_PROVENANCE,ADMISSION_NOT_READY_MISSING_PROVENANCE,FIELD_PIN_NOT_EXPOSED_GATED_ON_ADMISSION,1,18,,NO,NO
105,6130cb5db31410e9e19123b8853c42d961cd072b656b7f1b2471d9de1a13e732,CANDIDATE,,1abb5db5b4c913d17a1b2ed5b80cca2d9271d6f1f3d0d5caddf524a84d88d993,ADMISSION_BLOCKED_MISSING_PROVENANCE,ADMISSION_NOT_READY_MISSING_PROVENANCE,FIELD_PIN_NOT_EXPOSED_GATED_ON_ADMISSION,1,19,,NO,NO
106,afed12514c80b6fe3ab8d72aa08d02717dec76df93c835a538aab541a7844257,CANDIDATE,,1ad6082010c56c287df7d90edf731f6f6c7fd47c91e085ddb40882f122f03960,ADMISSION_BLOCKED_MISSING_PROVENANCE,ADMISSION_NOT_READY_MISSING_PROVENANCE,FIELD_PIN_NOT_EXPOSED_GATED_ON_ADMISSION,1,24,,NO,NO
107,4f07ed22e4037b243adb31e6a1eae578143bc983ac8be8719e4e40dbb80dab71,CANDIDATE,,1c72aa6ff5ef3fe98b84127a1dbedcd739d54ceb9cdc894e63a34f8a18445048,ADMISSION_BLOCKED_MISSING_PROVENANCE,ADMISSION_NOT_READY_MISSING_PROVENANCE,FIELD_PIN_NOT_EXPOSED_GATED_ON_ADMISSION,1,21,,NO,NO
108,b6078a7dd2ac7674e6dde7b0c5503200022cd958f683d3ba1ab6b7f0588c6c2e,CANDIDATE,,1cdd18fd161b0af388cb8bfdd080fed8e10dac9492ea13b2ed36bd8a1fbfe399,ADMISSION_BLOCKED_MISSING_PROVENANCE,ADMISSION_NOT_READY_MISSING_PROVENANCE,FIELD_PIN_NOT_EXPOSED_GATED_ON_ADMISSION,1,19,,NO,NO
109,6d8cd5db7d12a4e4538c0645ce027794c1be9ef92a01c6732a5b31e0fc57a8d0,CANDIDATE,,1ce5a1264f0f18b02b3bbd0520224224c6c7f9eb1ef977553b95856431dfcb1c,ADMISSION_BLOCKED_MISSING_PROVENANCE,ADMISSION_NOT_READY_MISSING_PROVENANCE,FIELD_PIN_NOT_EXPOSED_GATED_ON_ADMISSION,1,19,,NO,NO
110,3b80df2624bbb1842a1907e2083677ccb8345a347a64fd791ede8b4d6bbbe56c,CANDIDATE,,1e1a5c6fc0ea60252cb79211b5e6b9f4a8b46dfc2d5cc85a17dd108ceadae881,ADMISSION_BLOCKED_MISSING_PROVENANCE,ADMISSION_NOT_READY_MISSING_PROVENANCE,FIELD_PIN_NOT_EXPOSED_GATED_ON_ADMISSION,1,17,,NO,NO
111,f813bcc3ea622745b10d1191ca2e07eaed1370fbe798ea1a6a1b3c029b9a4de6,CANDIDATE,,1e387a39ca36ef5ab2f799ba909da3ff5896faebf0510a6e7adfa39c44486c83,ADMISSION_BLOCKED_MISSING_PROVENANCE,ADMISSION_NOT_READY_MISSING_PROVENANCE,FIELD_PIN_NOT_EXPOSED_GATED_ON_ADMISSION,1,18,,NO,NO
112,c5c3dac102f4ab7ca487018a245de815604b19239ff9e84592e47479aeaf695b,CANDIDATE,,1f22f6107b3bd09de9d6cd80781fc4d55b7f80c5422e06281a43c854cbb968e9,ADMISSION_BLOCKED_MISSING_PROVENANCE,ADMISSION_NOT_READY_MISSING_PROVENANCE,FIELD_PIN_NOT_EXPOSED_GATED_ON_ADMISSION,1,19,,NO,NO
113,85c36a7da7c5b3f73da4b04fcb1bdbbcf44d3ab0dfa1a8bc12f2b6e35486dad1,CANDIDATE,,1f91210249733f10ae60569698d7b56625d75d40952ea355a412bcd8d26dbbbb,ADMISSION_BLOCKED_MISSING_PROVENANCE,ADMISSION_NOT_READY_MISSING_PROVENANCE,FIELD_PIN_NOT_EXPOSED_GATED_ON_ADMISSION,1,19,,NO,NO
114,4de0977bd543da3c1e2e3d4917acafcd91a0507631ef052452e0b57d03aabc23,CANDIDATE,,1fd818aee59f19b30d925ff6741250b77f06767764f91e682c7046a8ca4ece57,ADMISSION_BLOCKED_MISSING_PROVENANCE,ADMISSION_NOT_READY_MISSING_PROVENANCE,FIELD_PIN_NOT_EXPOSED_GATED_ON_ADMISSION,1,18,,NO,NO
115,7ed67d666e3f1f3b80b64d7e678ab88b8caaed05c12e943c8bd619f385e704da,CANDIDATE,,1fdfc3284a6bdfc2ef9bac7a265b7407a8b44bdabff8a9c262055ef17d528ac2,ADMISSION_BLOCKED_MISSING_PROVENANCE,ADMISSION_NOT_READY_MISSING_PROVENANCE,FIELD_PIN_NOT_EXPOSED_GATED_ON_ADMISSION,1,18,,NO,NO
116,9a4db7f8b3ed7190ab1f3e2900364e3e2e9a4040e69ed5648171a6493095234c,CANDIDATE,,205bc2b192e66bd3ad35b6f82ce6ad504deb4266d7636275ae74e5551e5281c2,ADMISSION_BLOCKED_MISSING_PROVENANCE,ADMISSION_NOT_READY_MISSING_PROVENANCE,FIELD_PIN_NOT_EXPOSED_GATED_ON_ADMISSION,1,19,,NO,NO
117,08d1def5f0acff875d9e9300837d0f6275e91aabdff2a2a168fb3d045b0aba10,CANDIDATE,,2463c7c95b33fd5217b623b42273b9843d7e0bceefc53f9fda92a2b10fb74f92,ADMISSION_BLOCKED_MISSING_PROVENANCE,ADMISSION_NOT_READY_MISSING_PROVENANCE,FIELD_PIN_NOT_EXPOSED_GATED_ON_ADMISSION,1,26,,NO,NO
118,20b0d3f0cdea9593c188ca25bbbce9e9c3f830aedded918b547bbb1394c3f53a,CANDIDATE,,24e373887ab547fd022a96d60b93a3d6bb224ccd46256f2e7382a5f87785295e,ADMISSION_BLOCKED_MISSING_PROVENANCE,ADMISSION_NOT_READY_MISSING_PROVENANCE,FIELD_PIN_NOT_EXPOSED_GATED_ON_ADMISSION,1,19,,NO,NO
119,47081ff26981d3008c0a6bc23ddab81eb7c432fd503f74aad6a5a1a9eb2d40c6,CANDIDATE,,256740fc234f90caa739ef44866e1743fdc17e49f608d85d6f707d5717fc2a3a,ADMISSION_BLOCKED_MISSING_PROVENANCE,ADMISSION_NOT_READY_MISSING_PROVENANCE,FIELD_PIN_NOT_EXPOSED_GATED_ON_ADMISSION,1,20,,NO,NO
120,6b033ffbcd17058c7bef554889ca1d137d7f923668dd0c31287c4598b706309b,CANDIDATE,,261d155df7ca004ffc3ed40918b6ee0df9b519bd76236afb8ce95f985cadc2a7,ADMISSION_BLOCKED_MISSING_PROVENANCE,ADMISSION_NOT_READY_MISSING_PROVENANCE,FIELD_PIN_NOT_EXPOSED_GATED_ON_ADMISSION,1,19,,NO,NO
121,d3bdec04ef0b6ce33de67ee515beb89a67611982278e77ec285251bbcd288b20,CANDIDATE,,264ff9b5771d6f7a0ef8a47c3741d85369eac24c7f1e3a4ec97412197caa3f9f,ADMISSION_BLOCKED_MISSING_PROVENANCE,ADMISSION_NOT_READY_MISSING_PROVENANCE,FIELD_PIN_NOT_EXPOSED_GATED_ON_ADMISSION,1,19,,NO,NO
122,0360e5d67ba22fcf7ac29138b777317b7871171d997107b893703217a24582a1,CANDIDATE,,28037f9f620a26ce74dd8862535288b409f06b5556c9c7ea80a703328a26fb24,ADMISSION_BLOCKED_MISSING_PROVENANCE,ADMISSION_NOT_READY_MISSING_PROVENANCE,FIELD_PIN_NOT_EXPOSED_GATED_ON_ADMISSION,1,19,,NO,NO
123,d8df242c3f832dbb741d2393eb49e868388ee901ab807c32b696a0b6826a14c4,CANDIDATE,,287ec3d2b92f2a24251e7366db36ee12ce273e35d6325c9964a10c779df98e9e,ADMISSION_BLOCKED_MISSING_PROVENANCE,ADMISSION_NOT_READY_MISSING_PROVENANCE,FIELD_PIN_NOT_EXPOSED_GATED_ON_ADMISSION,1,19,,NO,NO
124,b0ff37eef6beb72ff89bcfb8f42edf755147b803a9078ecca45e5758a3e039e9,CANDIDATE,,297013e64bb9082dd7cd493658db5d3c4a09172db8a99c580f8a15d3444d0358,ADMISSION_BLOCKED_MISSING_PROVENANCE,ADMISSION_NOT_READY_MISSING_PROVENANCE,FIELD_PIN_NOT_EXPOSED_GATED_ON_ADMISSION,1,19,,NO,NO
125,646fe3ac8fdbb9d2715a3dcb2694052e784760c2b4e2fed9f3462c2c67ffa41b,CANDIDATE,,2a6991fefd3e53543db8796b484cf3a669b3dd9e98c9d48d176faefe87148e27,ADMISSION_BLOCKED_MISSING_PROVENANCE,ADMISSION_NOT_READY_MISSING_PROVENANCE,FIELD_PIN_NOT_EXPOSED_GATED_ON_ADMISSION,1,19,,NO,NO
126,c1ba3143f5af2b42554658454ef1b6df50c07325440dd49c25c391a5687d774b,CANDIDATE,,2a7b9c9971a6f3f800b57dd8588a26c79b3227fc6f8d070647726f0def24ada3,ADMISSION_BLOCKED_MISSING_PROVENANCE,ADMISSION_NOT_READY_MISSING_PROVENANCE,FIELD_PIN_NOT_EXPOSED_GATED_ON_ADMISSION,1,19,,NO,NO
127,d48d23d828ac37bbf0f9b2c848b44a457a084699832938cfff7a0c847f263291,CANDIDATE,,2ab7719a498c37ae156a360a1636a7b200ec6fb4d56b9c4d0e3765070894d554,ADMISSION_BLOCKED_MISSING_PROVENANCE,ADMISSION_NOT_READY_MISSING_PROVENANCE,FIELD_PIN_NOT_EXPOSED_GATED_ON_ADMISSION,1,19,,NO,NO
128,f7ecb8c153446da7e79106e460a02ea7ea112b030c51ff4ffdd6b7c1c77f39c3,CANDIDATE,,2b47f7e4a1b8157af6830e213b5bf9f19abc04f27962bdb1b279bf27c0089fc0,ADMISSION_BLOCKED_MISSING_PROVENANCE,ADMISSION_NOT_READY_MISSING_PROVENANCE,FIELD_PIN_NOT_EXPOSED_GATED_ON_ADMISSION,1,21,,NO,NO
129,a260a1f516402243a5e2c39e8183976969c635e3f74c7fc1321db8cec113d947,CANDIDATE,,2cc2d5e586459aeb83f2606a07c79276927bd0013de0e325bf29e41d33aeba15,ADMISSION_BLOCKED_MISSING_PROVENANCE,ADMISSION_NOT_READY_MISSING_PROVENANCE,FIELD_PIN_NOT_EXPOSED_GATED_ON_ADMISSION,1,21,,NO,NO
130,055613533a1718e2683dcf9846b1b6f59a8ba84fe97fedd3bdfc61135750ae30,CANDIDATE,,2cd2a47b828feeba129621c93f072a1471b1c02059d137b0308781193b332a37,ADMISSION_BLOCKED_MISSING_PROVENANCE,ADMISSION_NOT_READY_MISSING_PROVENANCE,FIELD_PIN_NOT_EXPOSED_GATED_ON_ADMISSION,1,19,,NO,NO
131,b42bc6f0fb0160ab74084cd29c106dc0fd540413467f2d35638b2dbb975adf8e,CANDIDATE,,2f91d1cd9a9ec9107fe0162d02cfd1a07ab68cb1a1502594d67d75f4db284661,ADMISSION_BLOCKED_MISSING_PROVENANCE,ADMISSION_NOT_READY_MISSING_PROVENANCE,FIELD_PIN_NOT_EXPOSED_GATED_ON_ADMISSION,1,19,,NO,NO
132,ef4de5155dde1b85129c5f130696bfe351f71e141a66f20e1dc6fd0e389f315a,CANDIDATE,,309574bf30fd47d2dad94b35287de8b0501962d30249680c891526a42c86984d,ADMISSION_BLOCKED_MISSING_PROVENANCE,ADMISSION_NOT_READY_MISSING_PROVENANCE,FIELD_PIN_NOT_EXPOSED_GATED_ON_ADMISSION,1,19,,NO,NO
133,aa325b49ad510b741283b88f3d44cdfa3b744cc720c9a0fef76b27d8a2586ba7,CANDIDATE,,3185321c336032001064a5158c5b93deea3266116adfedbb4aa20730ea8a6e36,ADMISSION_BLOCKED_MISSING_PROVENANCE,ADMISSION_NOT_READY_MISSING_PROVENANCE,FIELD_PIN_NOT_EXPOSED_GATED_ON_ADMISSION,1,20,,NO,NO
134,3fa40f3b4f693b3c5044f50c8e6e574c68113a0338a51471352e297961022f24,CANDIDATE,,3229e0fe8ccc7981afa78c2b97f7237a39a244781b7eeee47ea68a81a4f93aee,ADMISSION_BLOCKED_MISSING_PROVENANCE,ADMISSION_NOT_READY_MISSING_PROVENANCE,FIELD_PIN_NOT_EXPOSED_GATED_ON_ADMISSION,1,19,,NO,NO
135,955b5e89d3444ad78eac292732cd537cd12233923dca34db45c3fcc45881a27a,CANDIDATE,,3386c1c8309ba6b8a5f12ecc4e0bc1b67c0981d1081d99c524a51a94d5ea809b,ADMISSION_BLOCKED_MISSING_PROVENANCE,ADMISSION_NOT_READY_MISSING_PROVENANCE,FIELD_PIN_NOT_EXPOSED_GATED_ON_ADMISSION,1,19,,NO,NO
136,495fc7b1dcfbfc570595c2e06636e807e69813092c0c638fdff14ab80798fb5f,CANDIDATE,,33c364cc9a7856d4a1957538323c9111d06a132339a94ceb76e506b00fc63406,ADMISSION_BLOCKED_MISSING_PROVENANCE,ADMISSION_NOT_READY_MISSING_PROVENANCE,FIELD_PIN_NOT_EXPOSED_GATED_ON_ADMISSION,1,25,,NO,NO
137,71bd9050abc6c19d477272086174d8b7cdf20fe893745bb2bd64a17eb411dea3,CANDIDATE,,3421dbdd8cbf66e9bb07beb3633e7f88f2c7abb0f46e5dabebc4c44c0566164a,ADMISSION_BLOCKED_MISSING_PROVENANCE,ADMISSION_NOT_READY_MISSING_PROVENANCE,FIELD_PIN_NOT_EXPOSED_GATED_ON_ADMISSION,1,24,,NO,NO
138,aac4d000a33680491b0c2e3c32a3cbc3a53eb9ec69ad4da18a2d25ef6d6a3ace,CANDIDATE,,349b92596b3213b6f565f3f8c8c7fc172595dd63dfce8493129a388ca18fe40f,ADMISSION_BLOCKED_MISSING_PROVENANCE,ADMISSION_NOT_READY_MISSING_PROVENANCE,FIELD_PIN_NOT_EXPOSED_GATED_ON_ADMISSION,1,26,,NO,NO
139,fafd7c2f5983a18d657e6e59bcb6d977dcdaf311e0a42dbd38682bd3d1e69146,CANDIDATE,,34a1071163273abd7d848befefba72286c626181c37d9997ed948bbc63a10b87,ADMISSION_BLOCKED_MISSING_PROVENANCE,ADMISSION_NOT_READY_MISSING_PROVENANCE,FIELD_PIN_NOT_EXPOSED_GATED_ON_ADMISSION,1,20,,NO,NO
140,2b112f15407fa7e2198dd72e0d4399bd5fb5e056942b1adf94fab8f1b4ae3675,CANDIDATE,,371a2f4038dfa5cea0f976ace12a277ff8b6189e6271b81dd3444b76eefeda64,ADMISSION_BLOCKED_MISSING_PROVENANCE,ADMISSION_NOT_READY_MISSING_PROVENANCE,FIELD_PIN_NOT_EXPOSED_GATED_ON_ADMISSION,1,19,,NO,NO
141,e8598c0963b985ff752497fb38f17257908c8c1913438b479ef7d6ec67925aaf,CANDIDATE,,377c25094fe3ba152bf55f138238dc6a034e6d0803d0a982a131e3d168fdc886,ADMISSION_BLOCKED_MISSING_PROVENANCE,ADMISSION_NOT_READY_MISSING_PROVENANCE,FIELD_PIN_NOT_EXPOSED_GATED_ON_ADMISSION,1,19,,NO,NO
142,17b98395d487519ab4b2c491c75fef2788a7bbe730e5647f12cf25ccca5d8ee8,CANDIDATE,,38719efcdf003b5f6653623726dc6c636b9d6c961164ebb5f80bb84407de5d56,ADMISSION_BLOCKED_MISSING_PROVENANCE,ADMISSION_NOT_READY_MISSING_PROVENANCE,FIELD_PIN_NOT_EXPOSED_GATED_ON_ADMISSION,1,20,,NO,NO
143,1448e4eac6df355eeeddd973cc9de38afaaa3a898fdca16105f929bf74ae1025,CANDIDATE,,3a4cb8289d0db1dcbe8df56e73c1eadc20aba16fe4bcfcf2c0015f42b0d8400b,ADMISSION_BLOCKED_MISSING_PROVENANCE,ADMISSION_NOT_READY_MISSING_PROVENANCE,FIELD_PIN_NOT_EXPOSED_GATED_ON_ADMISSION,1,18,,NO,NO
144,73288a5cc9b4661971290c1a74c0976d7d70337e6a8e97f63514a599fdfbb811,CANDIDATE,,3a4e2037cd236c46f479e6601d54c86fa97dcc902ef08e2844ecc91f91368a0c,ADMISSION_BLOCKED_MISSING_PROVENANCE,ADMISSION_NOT_READY_MISSING_PROVENANCE,FIELD_PIN_NOT_EXPOSED_GATED_ON_ADMISSION,1,21,,NO,NO
145,2d9132d1acbe50f310c80862048f51785ce104db5f0a977930b876aea92a66d0,CANDIDATE,,3b6805bec0281ac7c96bfafedf3843f970aa0acbeb7776d58bb3529614f62f27,ADMISSION_BLOCKED_MISSING_PROVENANCE,ADMISSION_NOT_READY_MISSING_PROVENANCE,FIELD_PIN_NOT_EXPOSED_GATED_ON_ADMISSION,1,21,,NO,NO
146,1fc5102458f5b4a68c3aff79360f13cebdbbcdeea701b73d5bfe373d62a06123,CANDIDATE,,3d8af4aa8db2beb7a877d113f3d872b9d860fc4266394892fed78569ba61fb62,ADMISSION_BLOCKED_MISSING_PROVENANCE,ADMISSION_NOT_READY_MISSING_PROVENANCE,FIELD_PIN_NOT_EXPOSED_GATED_ON_ADMISSION,1,18,,NO,NO
147,b397a70ec40af9883cf98e7f5ce4536616b6b5af389e7783fba5db648d494796,CANDIDATE,,3e789044444c8989db5958f1ee245e71e6a1d1a679e35097b45eada46c9f2f79,ADMISSION_BLOCKED_MISSING_PROVENANCE,ADMISSION_NOT_READY_MISSING_PROVENANCE,FIELD_PIN_NOT_EXPOSED_GATED_ON_ADMISSION,1,17,,NO,NO
148,7f772ded1d8901ff5a9f881ec8fd927d94604f6d646585c93ff83b92b943810f,CANDIDATE,,3eb7ae795e012ec7dea46be6b1546193dd4284dbe741232699b31f7a65ea3673,ADMISSION_BLOCKED_MISSING_PROVENANCE,ADMISSION_NOT_READY_MISSING_PROVENANCE,FIELD_PIN_NOT_EXPOSED_GATED_ON_ADMISSION,1,18,,NO,NO
149,44cba617550c5d9ff5b415819a6ce7c7e7f404e45b5d8156784507895181b686,CANDIDATE,,3ed4d5075ca5102ed7905a9c0915d960656e978cf728e4d81368067760a7f220,ADMISSION_BLOCKED_MISSING_PROVENANCE,ADMISSION_NOT_READY_MISSING_PROVENANCE,FIELD_PIN_NOT_EXPOSED_GATED_ON_ADMISSION,1,20,,NO,NO
150,7c6f6a7b500f983ff2ca1942d4297baf6f16c9405675be6c7035de80589236d1,CANDIDATE,,3edc1c082ec50881dde120b44a4f0654e2151417cf3545bd0c75d1a36f1bf26a,ADMISSION_BLOCKED_MISSING_PROVENANCE,ADMISSION_NOT_READY_MISSING_PROVENANCE,FIELD_PIN_NOT_EXPOSED_GATED_ON_ADMISSION,1,26,,NO,NO
151,2d8a69d40354e2494eb8acd230a1cd22c9d44e15b894796950cd0fa62b22692d,CANDIDATE,,3f9ff53e2247f5e9f4503050b45be9d8d589060b44ba3a1525654526f178ad32,ADMISSION_BLOCKED_MISSING_PROVENANCE,ADMISSION_NOT_READY_MISSING_PROVENANCE,FIELD_PIN_NOT_EXPOSED_GATED_ON_ADMISSION,1,20,,NO,NO
152,9af35fc857254eef07e70018f1842634f2e76284c491831beb2b358ebad601f8,CANDIDATE,,40a5d58fd15b813bcbe229a17925e9ef74a9cdec180bbca3e32ca171f94b6d12,ADMISSION_BLOCKED_MISSING_PROVENANCE,ADMISSION_NOT_READY_MISSING_PROVENANCE,FIELD_PIN_NOT_EXPOSED_GATED_ON_ADMISSION,1,18,,NO,NO
153,5bd705fa45529d1c9215a4a90d71641dfdf6449d99ed56f9364253a7deedd456,CANDIDATE,,442a13c0e881ccaf6e4b8ce67e71a8a74b49f1ab28582d7b06801c62897c8735,ADMISSION_BLOCKED_MISSING_PROVENANCE,ADMISSION_NOT_READY_MISSING_PROVENANCE,FIELD_PIN_NOT_EXPOSED_GATED_ON_ADMISSION,1,19,,NO,NO
154,617eb1c3fb204c2873e3fe5aee09f28be203f4152da4e39087f9afc084d413ee,CANDIDATE,,44dd54661a642685c83eccb043d5f7027298ab91f8720ebb561b8d35e67003ff,ADMISSION_BLOCKED_MISSING_PROVENANCE,ADMISSION_NOT_READY_MISSING_PROVENANCE,FIELD_PIN_NOT_EXPOSED_GATED_ON_ADMISSION,1,19,,NO,NO
155,0f9cc85eddc27339fe7b0a7a53044d53ea12fd5a0ecdb249c14f64bb3b364b4e,CANDIDATE,,45474c3389caebd1dcc946aefdd655dff80c0ba2fa2a5510132edaeb2ba98cc7,ADMISSION_BLOCKED_MISSING_PROVENANCE,ADMISSION_NOT_READY_MISSING_PROVENANCE,FIELD_PIN_NOT_EXPOSED_GATED_ON_ADMISSION,1,20,,NO,NO
156,e94f23a05dea122347a173dff93bb79b668c2ac5eaacbfc874397f492484d1f6,CANDIDATE,,456de532baea5c2ecd6e5f9c4b84766bdccf25a1ca875a6966d83178a1288523,ADMISSION_BLOCKED_MISSING_PROVENANCE,ADMISSION_NOT_READY_MISSING_PROVENANCE,FIELD_PIN_NOT_EXPOSED_GATED_ON_ADMISSION,1,26,,NO,NO
157,3db68339ab20305ef8b2beb47291ab004f2a02464ecf2d14838b17237ad4a942,CANDIDATE,,48c974e70250024911e50825d98957aa20c2b0e98beb627f64d63e222d6145d8,ADMISSION_BLOCKED_MISSING_PROVENANCE,ADMISSION_NOT_READY_MISSING_PROVENANCE,FIELD_PIN_NOT_EXPOSED_GATED_ON_ADMISSION,1,19,,NO,NO
158,0d12002f8f7ff2afec61cf1bfcd6af8b0cc0b0787af13417eef124052c2aa1ba,CANDIDATE,,48e7747e96730107acbb4d60243472396edd49c424e8e2ba78d761a2a8503ead,ADMISSION_BLOCKED_MISSING_PROVENANCE,ADMISSION_NOT_READY_MISSING_PROVENANCE,FIELD_PIN_NOT_EXPOSED_GATED_ON_ADMISSION,1,21,,NO,NO
159,d9b0fbb042f3484c78086c018c0211f83fc8e4f802f96e0cc115eb3e352bc6ab,CANDIDATE,,4a993ef7e3cd03e658547cf5ff31adbd6f266c8b8797063c1253fb71f658f905,ADMISSION_BLOCKED_MISSING_PROVENANCE,ADMISSION_NOT_READY_MISSING_PROVENANCE,FIELD_PIN_NOT_EXPOSED_GATED_ON_ADMISSION,1,19,,NO,NO
160,95c86f39579db5ea038b619fca7ef42802c884aa3f541e27ac82a5b8db8daa86,CANDIDATE,,4e9f299194df58c45a108e570eef3b9b4542ef57d959ea05d95b8d0c2a21ae4e,ADMISSION_BLOCKED_MISSING_PROVENANCE,ADMISSION_NOT_READY_MISSING_PROVENANCE,FIELD_PIN_NOT_EXPOSED_GATED_ON_ADMISSION,1,24,,NO,NO
161,b37c08ca1bf41706badf57efd8d1e948aabe259f0edaf47aa1ca3dcecfe8e66a,CANDIDATE,,509749c5d77d6cbeba9803435da56be216fe4fd3916e1e8e97314d3c2414062b,ADMISSION_BLOCKED_MISSING_PROVENANCE,ADMISSION_NOT_READY_MISSING_PROVENANCE,FIELD_PIN_NOT_EXPOSED_GATED_ON_ADMISSION,1,24,,NO,NO
162,a47f968a888f751a7992202cb854fb9dda93df7cd9f9e85e698201aa32631cc6,CANDIDATE,,51d0f366130860f77b14087e69da44f90aeb316f8c8488ca11d78f14fdd02da6,ADMISSION_BLOCKED_MISSING_PROVENANCE,ADMISSION_NOT_READY_MISSING_PROVENANCE,FIELD_PIN_NOT_EXPOSED_GATED_ON_ADMISSION,1,19,,NO,NO
163,f588e54bd17d44129f2a23befe1664e1bf50a6caa74a03e9bddd74574a6b9466,CANDIDATE,,537fec6fc874b687a7f202d02e906a717c6d498521f898b472ac4818374af1ae,ADMISSION_BLOCKED_MISSING_PROVENANCE,ADMISSION_NOT_READY_MISSING_PROVENANCE,FIELD_PIN_NOT_EXPOSED_GATED_ON_ADMISSION,1,19,,NO,NO
164,4b1dfc7e0949e915056fd8194ebe821575a168ef4eec90ce18592aff19d0e4be,CANDIDATE,,547db878643b17cca388e39d1fd04f5d02ff0333b61930ae4975a69c9e0214d2,ADMISSION_BLOCKED_MISSING_PROVENANCE,ADMISSION_NOT_READY_MISSING_PROVENANCE,FIELD_PIN_NOT_EXPOSED_GATED_ON_ADMISSION,1,20,,NO,NO
165,7295f947bd8765fbd8162ef5c9737ee72008fb1f0da9029d86aac73bf683dce5,CANDIDATE,,55d93ed1ac98ce828b81444c1414befff46a084109e7c344c6ece588bd4668a4,ADMISSION_BLOCKED_MISSING_PROVENANCE,ADMISSION_NOT_READY_MISSING_PROVENANCE,FIELD_PIN_NOT_EXPOSED_GATED_ON_ADMISSION,1,19,,NO,NO
166,95a885ec9a2af882789c15acdd6d8be75b675acd733c17eccd134224a5ccb3fc,CANDIDATE,,56a6a1340703ca2db80916628f42436586973ae0d031cafb00bfac915716b2ba,ADMISSION_BLOCKED_MISSING_PROVENANCE,ADMISSION_NOT_READY_MISSING_PROVENANCE,FIELD_PIN_NOT_EXPOSED_GATED_ON_ADMISSION,1,21,,NO,NO
167,4cb5bbc81eaad795b6e4a364aef7e3372991403f7c25460f14e7b0873afc797f,CANDIDATE,,59cfd7dbff70dd80233e02a9beea85f05b02cf2beba3efd82f157deb426a5111,ADMISSION_BLOCKED_MISSING_PROVENANCE,ADMISSION_NOT_READY_MISSING_PROVENANCE,FIELD_PIN_NOT_EXPOSED_GATED_ON_ADMISSION,1,24,,NO,NO
168,4c8c0fd41d530c5a0a6adcb0bac576d2625fe1bb1b8777d62fa88d4cdb031e94,CANDIDATE,,5a298f02040dfe79ecb145dc2c748bb8b94c596e50eb41c2865e308ebe1fcaae,ADMISSION_BLOCKED_MISSING_PROVENANCE,ADMISSION_NOT_READY_MISSING_PROVENANCE,FIELD_PIN_NOT_EXPOSED_GATED_ON_ADMISSION,1,25,,NO,NO
169,31d37d0bc880835800388968040aa646c9d7b994728de62ac4365c19f602237c,CANDIDATE,,5b91f2d6b2a4c8421f9cf294783fadcfc522bc9658ac6436462769521efaee89,ADMISSION_BLOCKED_MISSING_PROVENANCE,ADMISSION_NOT_READY_MISSING_PROVENANCE,FIELD_PIN_NOT_EXPOSED_GATED_ON_ADMISSION,1,19,,NO,NO
170,d8e9b0541ae2e4e287833042904ec780bd7906d3903cf5250f66597ef45260a2,CANDIDATE,,605955cdfecb55e41ebf8ce4fba77468fca161ef8cac30052a9aced8dd5352bc,ADMISSION_BLOCKED_MISSING_PROVENANCE,ADMISSION_NOT_READY_MISSING_PROVENANCE,FIELD_PIN_NOT_EXPOSED_GATED_ON_ADMISSION,1,20,,NO,NO
171,dac568c9ddaa8d6c9cbdb30e829db2cc3f68756a9cf2379b24120dc4081a8e22,CANDIDATE,,61c350771b439e5359f8c6bd8b0ed5645c0c1a8f5dd85d2f1013ef259729e061,ADMISSION_BLOCKED_MISSING_PROVENANCE,ADMISSION_NOT_READY_MISSING_PROVENANCE,FIELD_PIN_NOT_EXPOSED_GATED_ON_ADMISSION,1,19,,NO,NO
172,838e56c21957d48ce451c386c288a35fb6fdb507f8ace75448c6d86ee8bdf48f,CANDIDATE,,633c4c64b3eff7dc4247dc0d3385684370a966ba0a1fa3d6d7fd23e38727e1e0,ADMISSION_BLOCKED_MISSING_PROVENANCE,ADMISSION_NOT_READY_MISSING_PROVENANCE,FIELD_PIN_NOT_EXPOSED_GATED_ON_ADMISSION,1,20,,NO,NO
173,b7a2d460c3ccab743cf9c63799495ebf979e3dee24eec27c831379d373c69324,CANDIDATE,,63a24091f627ddd7f035cc7e5825cc117818976f09e620a7a812d9f44278d662,ADMISSION_BLOCKED_MISSING_PROVENANCE,ADMISSION_NOT_READY_MISSING_PROVENANCE,FIELD_PIN_NOT_EXPOSED_GATED_ON_ADMISSION,1,19,,NO,NO
174,566dcc189385aa1724e35f625178eca2c17c2f83c6344e32975382e285252f03,CANDIDATE,,66edc7b9c9b7a79472039fddd785c0b5617e4170ba69a6ce36735e07ec4f9782,ADMISSION_BLOCKED_MISSING_PROVENANCE,ADMISSION_NOT_READY_MISSING_PROVENANCE,FIELD_PIN_NOT_EXPOSED_GATED_ON_ADMISSION,1,25,,NO,NO
175,3d8e7e16cfbaba9a91ae09b368360a20fa22fc9fe95898e950f3337a05ace1eb,CANDIDATE,,66f208a0a8c95ddc2b987f397c9f47e10e7d11fb32ff3a353fa38ddab6f7b777,ADMISSION_BLOCKED_MISSING_PROVENANCE,ADMISSION_NOT_READY_MISSING_PROVENANCE,FIELD_PIN_NOT_EXPOSED_GATED_ON_ADMISSION,1,21,,NO,NO
176,9aeea67e8b9ba21c8be3844a8e44483afa8130a0155faf7cc5680d185941ba9c,CANDIDATE,,6aab86b1eb3c9a0171bb5649d560fec030d2fcf24bd1a3db94fa61027596ee10,ADMISSION_BLOCKED_MISSING_PROVENANCE,ADMISSION_NOT_READY_MISSING_PROVENANCE,FIELD_PIN_NOT_EXPOSED_GATED_ON_ADMISSION,1,21,,NO,NO
177,1d7fd231f146d6db7a4b79505108896372f16b5e1763cb8406b5a0340263e25c,CANDIDATE,,6b16365abea5ca49c185d1c4a5a8c8cca8bbe2600158c4a54caebc0ed90cd284,ADMISSION_BLOCKED_MISSING_PROVENANCE,ADMISSION_NOT_READY_MISSING_PROVENANCE,FIELD_PIN_NOT_EXPOSED_GATED_ON_ADMISSION,1,19,,NO,NO
178,7ca853eb481e366b9c012cfe3686e487ce4877a9b21f6253f04c3ffaf5aca106,CANDIDATE,,6db173d0740c2f791fa1588e55d15b4a45a55546266b16ea5724fecf82dc7c7e,ADMISSION_BLOCKED_MISSING_PROVENANCE,ADMISSION_NOT_READY_MISSING_PROVENANCE,FIELD_PIN_NOT_EXPOSED_GATED_ON_ADMISSION,1,19,,NO,NO
179,f3d080ec391ac2c4330ce8707d04012debc63c26257b493c82ab8b366bf6f745,CANDIDATE,,6dbe0b99d6d91a0457a4f2003784400fc547258f0c99be931aa1e4288614a9d4,ADMISSION_BLOCKED_MISSING_PROVENANCE,ADMISSION_NOT_READY_MISSING_PROVENANCE,FIELD_PIN_NOT_EXPOSED_GATED_ON_ADMISSION,1,19,,NO,NO
180,eecf83fd7a373d521253f8703d5328db40506424ef94b460bc3d90bf6813295a,CANDIDATE,,6e97984866576754dfbcea922a1699d06928eac96638b149bb86ff302589df8f,ADMISSION_BLOCKED_MISSING_PROVENANCE,ADMISSION_NOT_READY_MISSING_PROVENANCE,FIELD_PIN_NOT_EXPOSED_GATED_ON_ADMISSION,1,18,,NO,NO
181,686fc8f80a78b5299dfd0423859a573ff5519904960d35e843d0d6695000a293,CANDIDATE,,6ea0d619ecba6b32c1e2d896dc8abffe24e18527d8252f4f38c9a1c4ddb99ddb,ADMISSION_BLOCKED_MISSING_PROVENANCE,ADMISSION_NOT_READY_MISSING_PROVENANCE,FIELD_PIN_NOT_EXPOSED_GATED_ON_ADMISSION,1,25,,NO,NO
182,6859aafbd73df2d0b2a8250853e8fdab466d4fc52a7707ed0ca6c62a52d1ea66,CANDIDATE,,6fc16f0d61682190d8a991d71d5251081cb51e8824a08dc99c1c4403596fff6e,ADMISSION_BLOCKED_MISSING_PROVENANCE,ADMISSION_NOT_READY_MISSING_PROVENANCE,FIELD_PIN_NOT_EXPOSED_GATED_ON_ADMISSION,1,18,,NO,NO
183,5179dbefafde6e17752979211ef13fef147aa4cb6ef366dee5fa1c9ddacaa3e0,CANDIDATE,,7534f05526ac40e9c57a3f4b59ebf469fdf1e01d725ec75826a23fa172802161,ADMISSION_BLOCKED_MISSING_PROVENANCE,ADMISSION_NOT_READY_MISSING_PROVENANCE,FIELD_PIN_NOT_EXPOSED_GATED_ON_ADMISSION,1,25,,NO,NO
184,b7eb32fcd0aabad39daeacfa4376cad43e328cb4f784689bd9a631d6b11172a1,CANDIDATE,,755a17718bdac4a63fb06f19e04d3274ef8b34f6e0cd637548d1838ac3730ddc,ADMISSION_BLOCKED_MISSING_PROVENANCE,ADMISSION_NOT_READY_MISSING_PROVENANCE,FIELD_PIN_NOT_EXPOSED_GATED_ON_ADMISSION,1,18,,NO,NO
185,b7df7fcb11b06042b20d0a312affe012e1f3fae6d00b2cc006a8f5c25c8f8a64,CANDIDATE,,75b4d0ec39f0af5d8659938ed6a69110ddd7660184877dd85b1d26ea4769b4e2,ADMISSION_BLOCKED_MISSING_PROVENANCE,ADMISSION_NOT_READY_MISSING_PROVENANCE,FIELD_PIN_NOT_EXPOSED_GATED_ON_ADMISSION,1,19,,NO,NO
186,7f83ce22be0c38cd5b01c95f54c46788b07db35455070b8db26e4f746effe4d1,CANDIDATE,,76bbc1050ce28323c3f4629040ea6d791ac7bc2d3b0c7d2a6b5660411c23580e,ADMISSION_BLOCKED_MISSING_PROVENANCE,ADMISSION_NOT_READY_MISSING_PROVENANCE,FIELD_PIN_NOT_EXPOSED_GATED_ON_ADMISSION,1,19,,NO,NO
187,e383c95163e78f750a4086ff7ed673c38d25633d967ceef693d013462d4e516b,CANDIDATE,,77bd2ad3a252f52a5ecfb13bb3088b4313725ba62c26eac4ed5806e550c0a027,ADMISSION_BLOCKED_MISSING_PROVENANCE,ADMISSION_NOT_READY_MISSING_PROVENANCE,FIELD_PIN_NOT_EXPOSED_GATED_ON_ADMISSION,1,18,,NO,NO
188,0fe4f60eca8ce1cd969615cdd6354c1d77a99137e0681c94781b019fcbba8f4e,CANDIDATE,,786e4db69517a96f6f9ed9c21635c3537c79555975fb48d5e5a636f9c13086a4,ADMISSION_BLOCKED_MISSING_PROVENANCE,ADMISSION_NOT_READY_MISSING_PROVENANCE,FIELD_PIN_NOT_EXPOSED_GATED_ON_ADMISSION,1,18,,NO,NO
189,39328a5aee68a9679c7466e72d07ec31ccc0fbcb50595d8b8ca9f3797c0655e6,CANDIDATE,,78bb7e7d95d856eadfa37782bb1bb4724b40701fa4d6538f90bee8443b900529,ADMISSION_BLOCKED_MISSING_PROVENANCE,ADMISSION_NOT_READY_MISSING_PROVENANCE,FIELD_PIN_NOT_EXPOSED_GATED_ON_ADMISSION,1,19,,NO,NO
190,51c2f609b0bdb47e49a6cbbfa84e8617f6cd5d17ea873df06f8f25c3c3739c21,CANDIDATE,,795e65ed134b570376c02a10e7498f5b98a5548f3aba14f5fcfaa210592320e3,ADMISSION_BLOCKED_MISSING_PROVENANCE,ADMISSION_NOT_READY_MISSING_PROVENANCE,FIELD_PIN_NOT_EXPOSED_GATED_ON_ADMISSION,1,19,,NO,NO
191,ce53e060e771ab2e3951e8a0a874755e105bba336255d6aba3914d087619207f,CANDIDATE,,79f370dee44570fcc5066e1eb29f53eed9d764feb1ff4468d71360c6aa1bc0ff,ADMISSION_BLOCKED_MISSING_PROVENANCE,ADMISSION_NOT_READY_MISSING_PROVENANCE,FIELD_PIN_NOT_EXPOSED_GATED_ON_ADMISSION,1,26,,NO,NO
192,3b77957096ff9ce93eb2845498a7e6e7f0e05298c5b23443467a1a89133834f3,CANDIDATE,,7a90fd85d7e31389d1a1d1677a9a8f2fc73cd7d0471f370ce477f7f8f320983c,ADMISSION_BLOCKED_MISSING_PROVENANCE,ADMISSION_NOT_READY_MISSING_PROVENANCE,FIELD_PIN_NOT_EXPOSED_GATED_ON_ADMISSION,1,20,,NO,NO
193,fcc33e7122fb8ee29c249f79ab4f5d00919871d87d25f30b75394eaa509a0dda,CANDIDATE,,7b1d4f22d63702696f359e34ae94c0a37a04029d6973a4837064ea7f206b193d,ADMISSION_BLOCKED_MISSING_PROVENANCE,ADMISSION_NOT_READY_MISSING_PROVENANCE,FIELD_PIN_NOT_EXPOSED_GATED_ON_ADMISSION,1,19,,NO,NO
194,9c996703ccf8044ce00190dd1f147c6afc0899bbbc1762a9e4cb03407f93d09e,CANDIDATE,,7c87bd25940a949a1673731d2aea18e56e6ab08799de4d9402c98ccde4153dac,ADMISSION_BLOCKED_MISSING_PROVENANCE,ADMISSION_NOT_READY_MISSING_PROVENANCE,FIELD_PIN_NOT_EXPOSED_GATED_ON_ADMISSION,1,19,,NO,NO
195,99bd125c95f98ca6ff1e75848089b7fdb469f06261d1cb545a6eb24b43c7b892,CANDIDATE,,7f5aa5908d07c5a2124268e94d0cf68fb1a84b9e473d585c0a6885d5aeca7c1d,ADMISSION_BLOCKED_MISSING_PROVENANCE,ADMISSION_NOT_READY_MISSING_PROVENANCE,FIELD_PIN_NOT_EXPOSED_GATED_ON_ADMISSION,1,19,,NO,NO
196,07344eee3030b73d2d555baaad05993d20711cb400163abfd7aee9ff83a6efea,CANDIDATE,,8033321eb684e9e70a39ea4896d97b3b17c521b5938f9ca3d6725f786de1c3fc,ADMISSION_BLOCKED_MISSING_PROVENANCE,ADMISSION_NOT_READY_MISSING_PROVENANCE,FIELD_PIN_NOT_EXPOSED_GATED_ON_ADMISSION,1,21,,NO,NO
197,9a31f5d9f1c1285972b1415202f3b95446568ed79eeec7b54f48f94fc870cfe8,CANDIDATE,,80c927ae8588cf2e51c4ac0309382bd95489bb8ff60523a66d18c85bc300a37d,ADMISSION_BLOCKED_MISSING_PROVENANCE,ADMISSION_NOT_READY_MISSING_PROVENANCE,FIELD_PIN_NOT_EXPOSED_GATED_ON_ADMISSION,1,18,,NO,NO
198,855addb52efca81b7ac89115168d8786dc3c2259dae77daa0fbe734667c73fa4,CANDIDATE,,82b2897e3e4c3c1c012fbf86aab4b35481ea9159b41afcdc75a61070c15bcf37,ADMISSION_BLOCKED_MISSING_PROVENANCE,ADMISSION_NOT_READY_MISSING_PROVENANCE,FIELD_PIN_NOT_EXPOSED_GATED_ON_ADMISSION,1,19,,NO,NO
199,6f49afc2475da826ba7b75e4254dd1d2cc3bf1f22218eda7f6c81762e4c020f1,CANDIDATE,,867fb3b2f92ecf7d523e75ec96c77f2f35174d9b7b554ce57baec3de6085146f,ADMISSION_BLOCKED_MISSING_PROVENANCE,ADMISSION_NOT_READY_MISSING_PROVENANCE,FIELD_PIN_NOT_EXPOSED_GATED_ON_ADMISSION,1,19,,NO,NO
200,10f4231d49aa601583d4ac448bec2bc8fe83de709a7a8c64c376cf5e27ab5aa3,CANDIDATE,,86de8f84439cdce41eee748ac82b8319e58ebc0c90e4133532a1c34c43c9aab2,ADMISSION_BLOCKED_MISSING_PROVENANCE,ADMISSION_NOT_READY_MISSING_PROVENANCE,FIELD_PIN_NOT_EXPOSED_GATED_ON_ADMISSION,1,19,,NO,NO
201,83049583a23e800fd38c89d6b982cb7525297ce511251ca35aee6c2ea4564413,CANDIDATE,,871e6e74d6d90379d51fd47ac46b53966fd078e2aa94153b3ff7f9070c80a671,ADMISSION_BLOCKED_MISSING_PROVENANCE,ADMISSION_NOT_READY_MISSING_PROVENANCE,FIELD_PIN_NOT_EXPOSED_GATED_ON_ADMISSION,1,19,,NO,NO
202,e880927602b3285fa6b5e73a1462b2026c218b05a98f6e199803d9393417f25b,CANDIDATE,,8bacec4625f4062801909f82db70d273b374d67c582dbc791bc7aae60a0336f7,ADMISSION_BLOCKED_MISSING_PROVENANCE,ADMISSION_NOT_READY_MISSING_PROVENANCE,FIELD_PIN_NOT_EXPOSED_GATED_ON_ADMISSION,1,18,,NO,NO
203,dd6ce28e84aa7572b4061525dbc51492c6309ad0ea72aa8c6edca6f8f824a4ec,CANDIDATE,,8c011218320a7fd8c8c68600fba2b11d1e7acde9c63ddfeec33a818279c0062e,ADMISSION_BLOCKED_MISSING_PROVENANCE,ADMISSION_NOT_READY_MISSING_PROVENANCE,FIELD_PIN_NOT_EXPOSED_GATED_ON_ADMISSION,1,19,,NO,NO
204,112e7b45db64648b37c66fc0421e56fc0a8a467569558373a3be5f76de3ecdf2,CANDIDATE,,8cb83336e89266ec5b14987df7377b96a427ab6ba40ba9f1b30c4749de13302d,ADMISSION_BLOCKED_MISSING_PROVENANCE,ADMISSION_NOT_READY_MISSING_PROVENANCE,FIELD_PIN_NOT_EXPOSED_GATED_ON_ADMISSION,1,21,,NO,NO
205,1cd5c9508227d40705cffb453cead23173ce7103b285380b95c1fc8e0bd1fa1c,CANDIDATE,,8d98d2f5c21ccac7673252d359bc4d2a1e507c2d61cf720fa37eee8522f0048d,ADMISSION_BLOCKED_MISSING_PROVENANCE,ADMISSION_NOT_READY_MISSING_PROVENANCE,FIELD_PIN_NOT_EXPOSED_GATED_ON_ADMISSION,1,25,,NO,NO
206,5770d16c0cd2a74f3250112fde2dda87050b70ed87201e97bbda373cbd093f58,CANDIDATE,,8e412768cc0bcf5260164dd487d4bbe1d24d9a9bda04d6f8af0a24802ddc090a,ADMISSION_BLOCKED_MISSING_PROVENANCE,ADMISSION_NOT_READY_MISSING_PROVENANCE,FIELD_PIN_NOT_EXPOSED_GATED_ON_ADMISSION,1,26,,NO,NO
207,f0a8376c0d847060a16297c04816ead56375cfd1b4ff48a0809f75013234c9a6,CANDIDATE,,90fa2b2a791ca4ac7f5478ba75b82eb0f08dcf0a69281a7ef6061adf883369bf,ADMISSION_BLOCKED_MISSING_PROVENANCE,ADMISSION_NOT_READY_MISSING_PROVENANCE,FIELD_PIN_NOT_EXPOSED_GATED_ON_ADMISSION,1,18,,NO,NO
208,2ab4c98faa3f943407ae414633e0b515ff7f6f52badb43a0fc2ea8db3c543158,CANDIDATE,,92ef35df4fa4626af8ec1c08c8ed50367dcbfd14996d053c392326c67f33a808,ADMISSION_BLOCKED_MISSING_PROVENANCE,ADMISSION_NOT_READY_MISSING_PROVENANCE,FIELD_PIN_NOT_EXPOSED_GATED_ON_ADMISSION,1,21,,NO,NO
209,21a014c83e06996584a28634d4e4211399e2dc42858d6e52b574a163e276fbd6,CANDIDATE,,934a00021e8af79ab7f850295ccff685eb97a29d1ed4f86872388c2505142b3c,ADMISSION_BLOCKED_MISSING_PROVENANCE,ADMISSION_NOT_READY_MISSING_PROVENANCE,FIELD_PIN_NOT_EXPOSED_GATED_ON_ADMISSION,1,20,,NO,NO
210,4e34ad6e599200d13778795c16acba9a7ee8038104c7c2c9791a4c35c9e9e609,CANDIDATE,,94b17c0383883cd894b508626043398edda53ffcf7a7361612b40aa30f568af6,ADMISSION_BLOCKED_MISSING_PROVENANCE,ADMISSION_NOT_READY_MISSING_PROVENANCE,FIELD_PIN_NOT_EXPOSED_GATED_ON_ADMISSION,1,17,,NO,NO
211,782526476ea8ce5f38322e4685636111b47d853c9edc9ccf097115ffca08986a,CANDIDATE,,94f538170d13a40601284f9e577e7a89dd012b390a315d5780948200a78de714,ADMISSION_BLOCKED_MISSING_PROVENANCE,ADMISSION_NOT_READY_MISSING_PROVENANCE,FIELD_PIN_NOT_EXPOSED_GATED_ON_ADMISSION,1,19,,NO,NO
212,584c4cf99fe7bb827cc894b86c993bd247dcb616ebac2964a583a10f04c277ba,CANDIDATE,,9577ec89cd179bb8c0938dac56ca7e28b3da077e683c862f476fd4be0be33830,ADMISSION_BLOCKED_MISSING_PROVENANCE,ADMISSION_NOT_READY_MISSING_PROVENANCE,FIELD_PIN_NOT_EXPOSED_GATED_ON_ADMISSION,1,19,,NO,NO
213,34bffb71bf07760b55386d418f1728b6d909d7c7f4bddcf04c64761bf2463cf4,CANDIDATE,,984aeccd5447241335f2a55295ff9641ac0837fc736b5eed512194eb09c0adcd,ADMISSION_BLOCKED_MISSING_PROVENANCE,ADMISSION_NOT_READY_MISSING_PROVENANCE,FIELD_PIN_NOT_EXPOSED_GATED_ON_ADMISSION,1,27,,NO,NO
214,61be6203bf4245b1c4258ffd2cb80e70f902ea1e386f56058bb3664803d88372,CANDIDATE,,9bf5dd30c76a48fdfdbb30acccb17798598cc7376c2d30daef6e74524cea0145,ADMISSION_BLOCKED_MISSING_PROVENANCE,ADMISSION_NOT_READY_MISSING_PROVENANCE,FIELD_PIN_NOT_EXPOSED_GATED_ON_ADMISSION,1,19,,NO,NO
215,67f3eef7b606ebedadba5f29930e91835eb5bde88b97755df7b159bd109c8250,CANDIDATE,,9d28438013ace855d3d5eab9f9f96429bf81f7ec1a1023b0323d1109fe66e12d,ADMISSION_BLOCKED_MISSING_PROVENANCE,ADMISSION_NOT_READY_MISSING_PROVENANCE,FIELD_PIN_NOT_EXPOSED_GATED_ON_ADMISSION,1,18,,NO,NO
216,370e6af24f7fccf91bff1b27cf50cab4b2f1169e54461df573bb0052fb3accc7,CANDIDATE,,a042d7ac6b16dbc7fa83bb9ff17fe436fca21d7f58c8eae3f8ba0a7d59697316,ADMISSION_BLOCKED_MISSING_PROVENANCE,ADMISSION_NOT_READY_MISSING_PROVENANCE,FIELD_PIN_NOT_EXPOSED_GATED_ON_ADMISSION,1,19,,NO,NO
217,f9d60c2fdd02f2122eaf9a967ecc2d810aa50fe6a5ec75c2e3fb1cbbbae7c277,CANDIDATE,,a4534df7b863a6f0d261914898a32070111a29f4a21134c776143496bfc93b03,ADMISSION_BLOCKED_MISSING_PROVENANCE,ADMISSION_NOT_READY_MISSING_PROVENANCE,FIELD_PIN_NOT_EXPOSED_GATED_ON_ADMISSION,1,24,,NO,NO
218,7c79be47802efebbf7125f910b443d9df7681feba71a139c87374a61de738827,CANDIDATE,,a6b68bf8ce1e098fba2786bb7acf62c5fb6cb64733582b6c695e9d5ea4e22dbe,ADMISSION_BLOCKED_MISSING_PROVENANCE,ADMISSION_NOT_READY_MISSING_PROVENANCE,FIELD_PIN_NOT_EXPOSED_GATED_ON_ADMISSION,1,18,,NO,NO
219,a5601430fa9065115a23c8e94c56d2b4a428b02e46d91b6ac39e25fa51889df1,CANDIDATE,,a72b2177817d0c3ef8db137078235527b99997973d85323e092bea5d927b6a73,ADMISSION_BLOCKED_MISSING_PROVENANCE,ADMISSION_NOT_READY_MISSING_PROVENANCE,FIELD_PIN_NOT_EXPOSED_GATED_ON_ADMISSION,1,21,,NO,NO
220,dc5d3cbe49bc3f63ee88972d410eebe7ea5a83e39b8943e678f5b1732bcf4b85,CANDIDATE,,a73089ea1b684478520f9c4cdbb921848a082de3745a4573fdb462da91152e50,ADMISSION_BLOCKED_MISSING_PROVENANCE,ADMISSION_NOT_READY_MISSING_PROVENANCE,FIELD_PIN_NOT_EXPOSED_GATED_ON_ADMISSION,1,19,,NO,NO
221,4200fec09017eddbb8d4e14c588288f78d789d4949b7310ac6b1bb45eb8d7937,CANDIDATE,,a770ef6c8d12f86c39bc970d6eee2e0e8bf188134baff8fce8b157867076b430,ADMISSION_BLOCKED_MISSING_PROVENANCE,ADMISSION_NOT_READY_MISSING_PROVENANCE,FIELD_PIN_NOT_EXPOSED_GATED_ON_ADMISSION,1,24,,NO,NO
222,93253f0fb2c6266615b9e49ff33920fba7bb3bc1ed5fbc816d6dcef071f0bc5f,CANDIDATE,,a7cbe806de687e8e779050426d73bd886e72dcc417911a30b59c7e55ea7ea8ae,ADMISSION_BLOCKED_MISSING_PROVENANCE,ADMISSION_NOT_READY_MISSING_PROVENANCE,FIELD_PIN_NOT_EXPOSED_GATED_ON_ADMISSION,1,19,,NO,NO
223,5cfbc4e5763524d6bec3642d3c9b2f7e57a30e9a52033a2fc564ef7a526bb44c,CANDIDATE,,a87d668938c569949a599573d653799293899a0e95541334c0bfc499330b0dec,ADMISSION_BLOCKED_MISSING_PROVENANCE,ADMISSION_NOT_READY_MISSING_PROVENANCE,FIELD_PIN_NOT_EXPOSED_GATED_ON_ADMISSION,1,20,,NO,NO
224,463ac0e0acff9eb126cb9fa605deb1736b83f1f61eff41de790f0feabbc9b7bd,CANDIDATE,,a9087d42d8cd98e5fff83a899b4da90323754032022b8d4cf3b5a72b8af48cb4,ADMISSION_BLOCKED_MISSING_PROVENANCE,ADMISSION_NOT_READY_MISSING_PROVENANCE,FIELD_PIN_NOT_EXPOSED_GATED_ON_ADMISSION,1,27,,NO,NO
225,9d1bd5e6fd01efe600735f47c3f606549e7af633b1a8b290014ef4fe793c6985,CANDIDATE,,a93583e4ec53db521ab25cb845061c000a784a66409a9eaa620e00d44e7d8eb1,ADMISSION_BLOCKED_MISSING_PROVENANCE,ADMISSION_NOT_READY_MISSING_PROVENANCE,FIELD_PIN_NOT_EXPOSED_GATED_ON_ADMISSION,1,18,,NO,NO
226,cb7333a2476d2c8e41cebdf97eb745ebb41f95399a2bd6c0757c908f887c8ca4,CANDIDATE,,a947b18f5da9420aa086ee6b8e0c686e7a5cd7df6a7e2e4a4c23b38a528ca0b3,ADMISSION_BLOCKED_MISSING_PROVENANCE,ADMISSION_NOT_READY_MISSING_PROVENANCE,FIELD_PIN_NOT_EXPOSED_GATED_ON_ADMISSION,1,21,,NO,NO
227,b0756f22802bc6922009cd673b860c5a0fd3e3bdd862de92e3c262ff4bb52bbf,CANDIDATE,,aa062ebe71f9e8e538b2abdf7a8946ffad28137a5cdf8d4062bfb15e733821d6,ADMISSION_BLOCKED_MISSING_PROVENANCE,ADMISSION_NOT_READY_MISSING_PROVENANCE,FIELD_PIN_NOT_EXPOSED_GATED_ON_ADMISSION,1,19,,NO,NO
228,5a52ffe92f0fad3dc56779a183a985066cbcfc6a49d1ca226dbb5a9b9192f87f,CANDIDATE,,aaf3cc7f0ab6c742173aabb7d620c646c73f8a37184dc033228d1770bbfe6501,ADMISSION_BLOCKED_MISSING_PROVENANCE,ADMISSION_NOT_READY_MISSING_PROVENANCE,FIELD_PIN_NOT_EXPOSED_GATED_ON_ADMISSION,1,19,,NO,NO
229,57bd1d328f9be591c2822730ba30fddbbbe1c1b3cb128c0c921ce3396efcb161,CANDIDATE,,ab0c1888b602d3589f2909c9ecc670b044c078b721e0bfa889b0a3af2d093f88,ADMISSION_BLOCKED_MISSING_PROVENANCE,ADMISSION_NOT_READY_MISSING_PROVENANCE,FIELD_PIN_NOT_EXPOSED_GATED_ON_ADMISSION,1,19,,NO,NO
230,b124cd12218d15049f3306cd93104790773ab01e79564bcca3c7ef59bd213965,CANDIDATE,,ab2b5ce4db1a6b434e8335286f826657f4d80e2192e2934605e0f4524a29bf8f,ADMISSION_BLOCKED_MISSING_PROVENANCE,ADMISSION_NOT_READY_MISSING_PROVENANCE,FIELD_PIN_NOT_EXPOSED_GATED_ON_ADMISSION,1,19,,NO,NO
231,a2edfed545990e5b0d74fedb199022686e43f1cd41ac9e81ddde747f5e691328,CANDIDATE,,ab34a863cfd60f1386268b0b3bbc6908fdd99034496ec4e2e4d9db7aca975d83,ADMISSION_BLOCKED_MISSING_PROVENANCE,ADMISSION_NOT_READY_MISSING_PROVENANCE,FIELD_PIN_NOT_EXPOSED_GATED_ON_ADMISSION,1,19,,NO,NO
232,e54ba8c880d57dea6970b668723ac2d457f44547b2f6d1214fde0940ec6ba9f0,CANDIDATE,,abf0c44ee55ce1d6f9e744ee454f0d594250d0c943ebb26992f27c79fb9194f5,ADMISSION_BLOCKED_MISSING_PROVENANCE,ADMISSION_NOT_READY_MISSING_PROVENANCE,FIELD_PIN_NOT_EXPOSED_GATED_ON_ADMISSION,1,18,,NO,NO
233,1aa04061904a5311e1e3248617bf998df467964aad52ae0577b084a35d004a17,CANDIDATE,,ac93458b2cd070d043ae0808798b4531a6a1d74ab2b1ec3f323147bc6fe9fcb6,ADMISSION_BLOCKED_MISSING_PROVENANCE,ADMISSION_NOT_READY_MISSING_PROVENANCE,FIELD_PIN_NOT_EXPOSED_GATED_ON_ADMISSION,1,18,,NO,NO
234,0990540e6c17ca1a6af264d2e58582671fc587f76780052ed0747fc339706bf6,CANDIDATE,,ad1b14caa2add1692927ea0a821846158e1bc6cdfa7fe3adb25c9b3741743fe2,ADMISSION_BLOCKED_MISSING_PROVENANCE,ADMISSION_NOT_READY_MISSING_PROVENANCE,FIELD_PIN_NOT_EXPOSED_GATED_ON_ADMISSION,1,19,,NO,NO
235,681638886cbd9a72ccf5c8c5893249c6f6b9142e6fe003d848f895c2dac978b2,CANDIDATE,,af6b244793cbcd230c2709e1120f33b58832dcdc3f7c9cf8343dc22196e91f8d,ADMISSION_BLOCKED_MISSING_PROVENANCE,ADMISSION_NOT_READY_MISSING_PROVENANCE,FIELD_PIN_NOT_EXPOSED_GATED_ON_ADMISSION,1,25,,NO,NO
236,1cb0521fbe19a6d0eda81f4b71e5c7ac7f525d117b38e17a5bec5f11dc04511a,CANDIDATE,,afb29ab8acf5a19f46c6a75eafd63b4accbc4d441abb22ed21899dfd603d4dcc,ADMISSION_BLOCKED_MISSING_PROVENANCE,ADMISSION_NOT_READY_MISSING_PROVENANCE,FIELD_PIN_NOT_EXPOSED_GATED_ON_ADMISSION,1,19,,NO,NO
237,50201c8d88df3a2f25bea87adfb5c7f874ad6cdf387f2f22edadba522971e6b9,CANDIDATE,,b025a938b25e09d4b50a4f41df5e4103e648117e2ec8a6703a88f3fa6d588a3f,ADMISSION_BLOCKED_MISSING_PROVENANCE,ADMISSION_NOT_READY_MISSING_PROVENANCE,FIELD_PIN_NOT_EXPOSED_GATED_ON_ADMISSION,1,27,,NO,NO
238,b822255179d0941ed21bc1d6e0fcbb5be88db8391f92bdede39156c024a19ca3,CANDIDATE,,b0ef8bdf82a9b1c9666de892c8dff9bc1dc67abb10f5ed2389b8a2ad77781cf7,ADMISSION_BLOCKED_MISSING_PROVENANCE,ADMISSION_NOT_READY_MISSING_PROVENANCE,FIELD_PIN_NOT_EXPOSED_GATED_ON_ADMISSION,1,19,,NO,NO
239,4211023ef51e4779fe9af598e4e2b22f8a73c7ece1a496613e8ac52aef27350e,CANDIDATE,,b147afcd76f838ae8e8b064496e9e2a751340c17e7d09a56990dc5313051c672,ADMISSION_BLOCKED_MISSING_PROVENANCE,ADMISSION_NOT_READY_MISSING_PROVENANCE,FIELD_PIN_NOT_EXPOSED_GATED_ON_ADMISSION,1,26,,NO,NO
240,a2f5a19cf4b3c168c48407ad9bed993505ab29232ddce31667a5dfc05661b923,CANDIDATE,,b1826a45ef94b29a7ff2dec7f47423816c388dcf8d2e75973c51f8c220bd7dc1,ADMISSION_BLOCKED_MISSING_PROVENANCE,ADMISSION_NOT_READY_MISSING_PROVENANCE,FIELD_PIN_NOT_EXPOSED_GATED_ON_ADMISSION,1,19,,NO,NO
241,5f09cd04496ac4ce43867e862f3247cb331abfd8f41380ae9f597efe5a64f846,CANDIDATE,,b1c8977a8dcd56a8996efa65178352f7101502a93b986688b1778b2d9ef440c9,ADMISSION_BLOCKED_MISSING_PROVENANCE,ADMISSION_NOT_READY_MISSING_PROVENANCE,FIELD_PIN_NOT_EXPOSED_GATED_ON_ADMISSION,1,21,,NO,NO
242,d593925af8d9e7b417bb8ebac7ed1b17b9447ed27936dfbfdbb63165bbd4c382,CANDIDATE,,b2367eb974ddf8ba4b1acf28cd3dbe55432417993f761a76d8a7ad4ac5896b01,ADMISSION_BLOCKED_MISSING_PROVENANCE,ADMISSION_NOT_READY_MISSING_PROVENANCE,FIELD_PIN_NOT_EXPOSED_GATED_ON_ADMISSION,1,18,,NO,NO
243,37102ba5633d9ca94d2780e22789298629cae00b9a03d48a09b59391154577a3,CANDIDATE,,b3862195716f37409fdf86120fb13c979c9cd760cc5e01aaa82bdeda1275502a,ADMISSION_BLOCKED_MISSING_PROVENANCE,ADMISSION_NOT_READY_MISSING_PROVENANCE,FIELD_PIN_NOT_EXPOSED_GATED_ON_ADMISSION,1,19,,NO,NO
244,cdb57991bbcadfcd3a910db8b94238a0c61f68be1baeea24f676365aaca369fc,CANDIDATE,,b42df2666809be4bdd1574a011d212837cd534085dce5a5f789d24cad8394587,ADMISSION_BLOCKED_MISSING_PROVENANCE,ADMISSION_NOT_READY_MISSING_PROVENANCE,FIELD_PIN_NOT_EXPOSED_GATED_ON_ADMISSION,1,18,,NO,NO
245,fb89c3d7ff2c94fa7021ae609f85e6dbc29962dbe2b8b14fe46294bd7b975dcd,CANDIDATE,,b615744df0de9dce5239abff44e9f1b7aeb222a767a8db440533fc52573cad24,ADMISSION_BLOCKED_MISSING_PROVENANCE,ADMISSION_NOT_READY_MISSING_PROVENANCE,FIELD_PIN_NOT_EXPOSED_GATED_ON_ADMISSION,1,18,,NO,NO
246,285761ffa087fcee458e777843f4007300d00de7cfd3f42b0a4a564713b8f62d,CANDIDATE,,b6ee2b47f36029237e1a9e934477287508f5a3a5837ff18440f1d26f6b1d02b2,ADMISSION_BLOCKED_MISSING_PROVENANCE,ADMISSION_NOT_READY_MISSING_PROVENANCE,FIELD_PIN_NOT_EXPOSED_GATED_ON_ADMISSION,1,21,,NO,NO
247,a4feed296c3d48f4a5d5c902b834d9c6e96f5fd99325924ef0c4311a804e5600,CANDIDATE,,b763af757cc0ec0a518ebc917115a03516e135a46a50a5311a07eeb3a3527dd2,ADMISSION_BLOCKED_MISSING_PROVENANCE,ADMISSION_NOT_READY_MISSING_PROVENANCE,FIELD_PIN_NOT_EXPOSED_GATED_ON_ADMISSION,1,19,,NO,NO
248,6435f81c665df8253ef794698694be4bc52a9a88467ddc55cc8c147b8498fe06,CANDIDATE,,b7e104f3f04b4da8fddff455078a76a5844de1a9ae9396c5760bd83171399cf4,ADMISSION_BLOCKED_MISSING_PROVENANCE,ADMISSION_NOT_READY_MISSING_PROVENANCE,FIELD_PIN_NOT_EXPOSED_GATED_ON_ADMISSION,1,19,,NO,NO
249,683e68d434699c0c2885c3698795c5fa6db970623a72d04b2163b03e437c43f2,CANDIDATE,,bc539911150dac94913ca8c4f114c72302f730b63503216a7e3c57d08e20de08,ADMISSION_BLOCKED_MISSING_PROVENANCE,ADMISSION_NOT_READY_MISSING_PROVENANCE,FIELD_PIN_NOT_EXPOSED_GATED_ON_ADMISSION,1,19,,NO,NO
250,17b204235fe83a99a464d2f85eb07007287830d5b1f51648565d23e88640abad,CANDIDATE,,bc6b0dbee2166e8e945dc5a6db271f16dcbe5168077e587a4f38be8c7c1171c2,ADMISSION_BLOCKED_MISSING_PROVENANCE,ADMISSION_NOT_READY_MISSING_PROVENANCE,FIELD_PIN_NOT_EXPOSED_GATED_ON_ADMISSION,1,18,,NO,NO
251,ba370b541331a527c345d9a579199fbe591cccb711db6e6692fdbd8c4d0a30b8,CANDIDATE,,be5b2b0d183e87d7cfd04f8ecb22903f3a52685dd8c26a955630e0c74e70b2c6,ADMISSION_BLOCKED_MISSING_PROVENANCE,ADMISSION_NOT_READY_MISSING_PROVENANCE,FIELD_PIN_NOT_EXPOSED_GATED_ON_ADMISSION,1,19,,NO,NO
252,838ae4522d650b7c240ead1e8780ef329429be9a94e10307552e6757ce022e93,CANDIDATE,,bec9501d19f37e04adbcc44745ca0ad905848b48269081adab02402e4a440405,ADMISSION_BLOCKED_MISSING_PROVENANCE,ADMISSION_NOT_READY_MISSING_PROVENANCE,FIELD_PIN_NOT_EXPOSED_GATED_ON_ADMISSION,1,24,,NO,NO
253,b839cefc15a0976db613abbb26844a3f63f4ef689cc01219fc3a95599c3bca1a,CANDIDATE,,bf3ae9a78b48d7a512b64e13786c48a86f9e2de4b1f8026c412fdf91cbcee884,ADMISSION_BLOCKED_MISSING_PROVENANCE,ADMISSION_NOT_READY_MISSING_PROVENANCE,FIELD_PIN_NOT_EXPOSED_GATED_ON_ADMISSION,1,20,,NO,NO
254,0e866dcfd34cb8972b837824439c58eb0e7039cb7ee9e8a90a9ccb6a0300af4f,CANDIDATE,,bf955f215e158e67a5606f59528ad22540d189b02b3db9ca3dcdf998710ab1e7,ADMISSION_BLOCKED_MISSING_PROVENANCE,ADMISSION_NOT_READY_MISSING_PROVENANCE,FIELD_PIN_NOT_EXPOSED_GATED_ON_ADMISSION,1,20,,NO,NO
255,dca2a1e9a15e2160595129ca37c7aeda9d377b96a54b812607d015c93e45bb87,CANDIDATE,,bfac69eeaec0390ba34540cc959bfc28251a2d907f4107753840bc494bd4946c,ADMISSION_BLOCKED_MISSING_PROVENANCE,ADMISSION_NOT_READY_MISSING_PROVENANCE,FIELD_PIN_NOT_EXPOSED_GATED_ON_ADMISSION,1,19,,NO,NO
256,3d9a28c44e72bcd64aa6c7a3c5352b886ddc05ed35f6a48112875873003375ac,CANDIDATE,,c14c4e026fc7c1c79e836a81786bac26daf7dd072b32dc16c0579d5979ac867e,ADMISSION_BLOCKED_MISSING_PROVENANCE,ADMISSION_NOT_READY_MISSING_PROVENANCE,FIELD_PIN_NOT_EXPOSED_GATED_ON_ADMISSION,1,19,,NO,NO
257,0589348a1f0b7166507b6ebe7476e1a9d88ead86e1e8d0bac99913c3400eceef,CANDIDATE,,c15588c215e03fa207546829bc0e21972f472bddd448e6249c58790de794c5e0,ADMISSION_BLOCKED_MISSING_PROVENANCE,ADMISSION_NOT_READY_MISSING_PROVENANCE,FIELD_PIN_NOT_EXPOSED_GATED_ON_ADMISSION,1,21,,NO,NO
258,a6ff203bb79985d6a8c6344633d569132aa55c915735330f484d0397c391bc20,CANDIDATE,,c5a16f9dfd5deec38e26814f3443383bdff4f36ab4af8c662c153d6d9fc901fe,ADMISSION_BLOCKED_MISSING_PROVENANCE,ADMISSION_NOT_READY_MISSING_PROVENANCE,FIELD_PIN_NOT_EXPOSED_GATED_ON_ADMISSION,1,19,,NO,NO
259,5d494d4e2ab4d2cbd76fb395625b80e9a51bf16e5ba540fdfb01b065c8629d66,CANDIDATE,,c5ecbe30509c51f0ad66b741a787c82b91b1f2bc76c265e7178964c4d47d117e,ADMISSION_BLOCKED_MISSING_PROVENANCE,ADMISSION_NOT_READY_MISSING_PROVENANCE,FIELD_PIN_NOT_EXPOSED_GATED_ON_ADMISSION,1,19,,NO,NO
260,2f1a61b731f91e8290a1bea8e6c51ec7edb03d11529b4c92892aaa5b7a6ffd4d,CANDIDATE,,c724ee63f87c87a56200ac4ab13d0bb846274e7213aa07470faf9ed32266a4fd,ADMISSION_BLOCKED_MISSING_PROVENANCE,ADMISSION_NOT_READY_MISSING_PROVENANCE,FIELD_PIN_NOT_EXPOSED_GATED_ON_ADMISSION,1,19,,NO,NO
261,fcecc527bc38f354956d1be29c7bf59e438eff463560ff0405547e25b51b5599,CANDIDATE,,c74e6e0bb4db21fc950b3086214fb66d6283c7bd4172f1894c201be3c3ed2668,ADMISSION_BLOCKED_MISSING_PROVENANCE,ADMISSION_NOT_READY_MISSING_PROVENANCE,FIELD_PIN_NOT_EXPOSED_GATED_ON_ADMISSION,1,19,,NO,NO
262,8768890435d1a72c6fa012129eefb043eb363220769a092999a725b3731fdec3,CANDIDATE,,c807a5b0c33c20b7da39e5d429b5feebc54544efd1f6d3e792e83a183b56f1c8,ADMISSION_BLOCKED_MISSING_PROVENANCE,ADMISSION_NOT_READY_MISSING_PROVENANCE,FIELD_PIN_NOT_EXPOSED_GATED_ON_ADMISSION,1,27,,NO,NO
263,5310a4507a58bc49d1cc484a9108da89276138e35dba2666a0165e1c72b7269c,CANDIDATE,,c8848b126537b9f37c0f248a8086fb847d6c074dcbfc9d679aa6d14143d7125b,ADMISSION_BLOCKED_MISSING_PROVENANCE,ADMISSION_NOT_READY_MISSING_PROVENANCE,FIELD_PIN_NOT_EXPOSED_GATED_ON_ADMISSION,1,19,,NO,NO
264,a251ddc84277084ff6aef0d71b3426c68d8e370586106518c269eb532b5b48c6,CANDIDATE,,c8d1808db5640224d17294085b3e34a10b6b3674ae6ba3c6e90b3a7b1a8816d8,ADMISSION_BLOCKED_MISSING_PROVENANCE,ADMISSION_NOT_READY_MISSING_PROVENANCE,FIELD_PIN_NOT_EXPOSED_GATED_ON_ADMISSION,1,24,,NO,NO
265,f68ecb54eed8edc1ca186a7ae522cd9b7173b8075cf4a299746d01d4c6b883fb,CANDIDATE,,c93506dee80be10b8f562cac516fefb9fa7211c83179b47ade9188d966ea58bf,ADMISSION_BLOCKED_MISSING_PROVENANCE,ADMISSION_NOT_READY_MISSING_PROVENANCE,FIELD_PIN_NOT_EXPOSED_GATED_ON_ADMISSION,1,26,,NO,NO
266,c91f5dcda23546a980f9762430fefb8bb86c4c205f82404a81c4339423042321,CANDIDATE,,cb5f9cf88bc3b4c43c4ae830af62beefbc4dfa4938b1403e7890a72e21d4b689,ADMISSION_BLOCKED_MISSING_PROVENANCE,ADMISSION_NOT_READY_MISSING_PROVENANCE,FIELD_PIN_NOT_EXPOSED_GATED_ON_ADMISSION,1,18,,NO,NO
267,094c27995d439e1c21e6bab8b156b26809b329246d6366e6985dd4cf8ee7c6e2,CANDIDATE,,cca6f2a164e1452103286843573db8b574f89e016861555d36f86187214ff573,ADMISSION_BLOCKED_MISSING_PROVENANCE,ADMISSION_NOT_READY_MISSING_PROVENANCE,FIELD_PIN_NOT_EXPOSED_GATED_ON_ADMISSION,1,19,,NO,NO
268,da39b0d4968ada1abc67fa0e3a30c9443df6d15cbee6bb46efd814b07557fa67,CANDIDATE,,cde3ffea26868c2fb31b9b0f10ee72cb85cc68eb3956f500182dd798aa7bc00d,ADMISSION_BLOCKED_MISSING_PROVENANCE,ADMISSION_NOT_READY_MISSING_PROVENANCE,FIELD_PIN_NOT_EXPOSED_GATED_ON_ADMISSION,1,18,,NO,NO
269,a7a5acf8bf36e16b4ce52fb7a654c5e7a00cdf0239ed78e259dab5e208de5e5a,CANDIDATE,,cfb173fca6d7c888f6d797a1807b06608c7335d8f504ead2134dad15b962ec8e,ADMISSION_BLOCKED_MISSING_PROVENANCE,ADMISSION_NOT_READY_MISSING_PROVENANCE,FIELD_PIN_NOT_EXPOSED_GATED_ON_ADMISSION,1,19,,NO,NO
270,0409d5a3b1e56555187eedd8e81c26f7939c97f6efaecda692a9460cf0db7ad0,CANDIDATE,,d0813221c8087b2853881a8d65660d165956c64048b4810f825d5684f460f21f,ADMISSION_BLOCKED_MISSING_PROVENANCE,ADMISSION_NOT_READY_MISSING_PROVENANCE,FIELD_PIN_NOT_EXPOSED_GATED_ON_ADMISSION,1,19,,NO,NO
271,27549094bb1a5c210739826d148ee38e442140ccdab87b72ff73edb00d5c71a6,CANDIDATE,,d5af4b525aab2a0a37df421b537b44966a986876e27ca8cdac9c627a2039b9c6,ADMISSION_BLOCKED_MISSING_PROVENANCE,ADMISSION_NOT_READY_MISSING_PROVENANCE,FIELD_PIN_NOT_EXPOSED_GATED_ON_ADMISSION,1,19,,NO,NO
272,0d5516f0753f0d44bbc2658082e8f06398db68b34518bfbab33d4aae6a995a50,CANDIDATE,,d7286a42b7dc86ae96032cd35de90eb4f49a38860aa14edc4d9ee28805b85776,ADMISSION_BLOCKED_MISSING_PROVENANCE,ADMISSION_NOT_READY_MISSING_PROVENANCE,FIELD_PIN_NOT_EXPOSED_GATED_ON_ADMISSION,1,20,,NO,NO
273,4aa9de202bbee7cd080c758ced565a963fa672a8ae64e23c08d1e28bdffd5dcd,CANDIDATE,,d7acb753ae96d6fecb177e348d5158d605c47b166ff957ef991dc70503244d85,ADMISSION_BLOCKED_MISSING_PROVENANCE,ADMISSION_NOT_READY_MISSING_PROVENANCE,FIELD_PIN_NOT_EXPOSED_GATED_ON_ADMISSION,1,17,,NO,NO
274,416dafbd1f5620ca607895fe28f89a7de6a1b8d411029988ac21329e5a577367,CANDIDATE,,d83e6c6f926e489de34ad20b865138920b51f61cda68e816e3ab886987d2b8e6,ADMISSION_BLOCKED_MISSING_PROVENANCE,ADMISSION_NOT_READY_MISSING_PROVENANCE,FIELD_PIN_NOT_EXPOSED_GATED_ON_ADMISSION,1,19,,NO,NO
275,892d41a1ded0762f1d894d5300d3a82dacfce742babd072efae38f1dfa661e1c,CANDIDATE,,d851d83741a7861f0c1d6f4e94bae610aa8c4df268b8a852b775f5e2c8c8cf7f,ADMISSION_BLOCKED_MISSING_PROVENANCE,ADMISSION_NOT_READY_MISSING_PROVENANCE,FIELD_PIN_NOT_EXPOSED_GATED_ON_ADMISSION,1,19,,NO,NO
276,4f6315fa23cb6387ce73fcee5f608e0d15909af10c07516f468d41586a2a7d74,CANDIDATE,,d8e71f8f724351d4657100f7b22c095cf932fe57293a20e5d9e8f25401a455a5,ADMISSION_BLOCKED_MISSING_PROVENANCE,ADMISSION_NOT_READY_MISSING_PROVENANCE,FIELD_PIN_NOT_EXPOSED_GATED_ON_ADMISSION,1,19,,NO,NO
277,0e2a19540c0adeea8fb5e1681422b5a1798c066d844c0b3338fe4574b323268d,CANDIDATE,,d9e77ef28c263e4a7f6cb93dc13d402119d712eeac12d954d320add014af8f77,ADMISSION_BLOCKED_MISSING_PROVENANCE,ADMISSION_NOT_READY_MISSING_PROVENANCE,FIELD_PIN_NOT_EXPOSED_GATED_ON_ADMISSION,1,18,,NO,NO
278,602d60422a258978f743da5a8a23f61110893bc192dbf48e073e68ebf345412e,CANDIDATE,,db5c7d7f3593bb703817314edc3f3be14dcf291929c4dbf876cbb41aef30ec16,ADMISSION_BLOCKED_MISSING_PROVENANCE,ADMISSION_NOT_READY_MISSING_PROVENANCE,FIELD_PIN_NOT_EXPOSED_GATED_ON_ADMISSION,1,19,,NO,NO
279,dcf2cfffc886a63e92c80097969ecedbdd63739251b99dde507992e3b8148749,CANDIDATE,,dfbea9e70b31e8f1309780b5df12a89ddbdb61535465bb2bf88fa79f1d4de89f,ADMISSION_BLOCKED_MISSING_PROVENANCE,ADMISSION_NOT_READY_MISSING_PROVENANCE,FIELD_PIN_NOT_EXPOSED_GATED_ON_ADMISSION,1,18,,NO,NO
280,dc2c5b6752145ee0f879f813e37cbc0b8ccb3729bced74f5b588d680100499bd,CANDIDATE,,e121be6b1bc684cbb153df9707dc2e738dc0e1406e4a00688ef7ff3538a9fc8c,ADMISSION_BLOCKED_MISSING_PROVENANCE,ADMISSION_NOT_READY_MISSING_PROVENANCE,FIELD_PIN_NOT_EXPOSED_GATED_ON_ADMISSION,1,20,,NO,NO
281,7005fb6bee933803204c714090c9574d0155be8a74f882f5869ebb3ed473f055,CANDIDATE,,e30f51b286b53f217c92edef8d8070388357af564f3b75a6227969ffe7374c9d,ADMISSION_BLOCKED_MISSING_PROVENANCE,ADMISSION_NOT_READY_MISSING_PROVENANCE,FIELD_PIN_NOT_EXPOSED_GATED_ON_ADMISSION,1,19,,NO,NO
282,fd42b075f07e0bd57b0d45f9706abb89648a48977b9550237380e16c90b836db,CANDIDATE,,e3601779464f0df11a5bd75ed74e90b380da6e3c109757fb3de94e3118a6d105,ADMISSION_BLOCKED_MISSING_PROVENANCE,ADMISSION_NOT_READY_MISSING_PROVENANCE,FIELD_PIN_NOT_EXPOSED_GATED_ON_ADMISSION,1,18,,NO,NO
283,ad56e502fe9e1af75bbd0f61fc13625ce927c87f31ce7b06dbe4559e230050f9,CANDIDATE,,e3d223319217f3b5d530ced4462d45b6119e566e59c8e1ac5689a4875d982523,ADMISSION_BLOCKED_MISSING_PROVENANCE,ADMISSION_NOT_READY_MISSING_PROVENANCE,FIELD_PIN_NOT_EXPOSED_GATED_ON_ADMISSION,1,18,,NO,NO
284,538cf3f7d8449da3f8064c7fe17ad5313f14487a91ae05a7dc4a170cdb45dd2e,CANDIDATE,,e47647f3fdfedb3fdf9bf24ec5a2275821002cc5797a1f8161e85ecff53ed092,ADMISSION_BLOCKED_MISSING_PROVENANCE,ADMISSION_NOT_READY_MISSING_PROVENANCE,FIELD_PIN_NOT_EXPOSED_GATED_ON_ADMISSION,1,18,,NO,NO
285,ae7dde53e1b4a34dfa5cf1c34b1ee7fe303608d9bead26ceac3130be249fa752,CANDIDATE,,e5ee28ec67d34293afb7ebccd4c140c6f3c13eaa6758f50cadc9248531725277,ADMISSION_BLOCKED_MISSING_PROVENANCE,ADMISSION_NOT_READY_MISSING_PROVENANCE,FIELD_PIN_NOT_EXPOSED_GATED_ON_ADMISSION,1,21,,NO,NO
286,442622cc5de99218015694768caf03d578626eca8e036c32d2fbbed1aa99ecd9,CANDIDATE,,e696d2c3deb554e27ff78d163f56d7a10d1610eaf1e8dedeb95fd3764b53a80e,ADMISSION_BLOCKED_MISSING_PROVENANCE,ADMISSION_NOT_READY_MISSING_PROVENANCE,FIELD_PIN_NOT_EXPOSED_GATED_ON_ADMISSION,1,19,,NO,NO
287,1eaa4f5b22905fd84ac843946f20ed8aa97e1e4d91374d727bf62ce68e06560c,CANDIDATE,,e6d76585f9d97d10cb6ff51893567c5d954b8ea0ab1c04d4f6c0161593dbf5b1,ADMISSION_BLOCKED_MISSING_PROVENANCE,ADMISSION_NOT_READY_MISSING_PROVENANCE,FIELD_PIN_NOT_EXPOSED_GATED_ON_ADMISSION,1,18,,NO,NO
288,d5b02d9f4e4fe08c6c021a905fd18d04c20988994fdb05e6c6c9ed90167d4558,CANDIDATE,,e77bba4c0799a10113598893c3349a878e7d4a8efa4465e6b9eb194ccdccf794,ADMISSION_BLOCKED_MISSING_PROVENANCE,ADMISSION_NOT_READY_MISSING_PROVENANCE,FIELD_PIN_NOT_EXPOSED_GATED_ON_ADMISSION,1,18,,NO,NO
289,28564557d0f11cba89224f36d6b569e37609be77a2e11a12b7857f1bf65d4514,CANDIDATE,,e93d7190a6b5559147b3ff4536d75ac37ea342a5b0fdf281d9e7a40031346a92,ADMISSION_BLOCKED_MISSING_PROVENANCE,ADMISSION_NOT_READY_MISSING_PROVENANCE,FIELD_PIN_NOT_EXPOSED_GATED_ON_ADMISSION,1,19,,NO,NO
290,05b148b24d3eedd341ccd76675aa6a94bc0aa039133e666b924ec7046450649b,CANDIDATE,,e9aa3d47209d8f4fe0552484ca1a2b970df30be0f88c0cfea9fb6eb4a419bdc3,ADMISSION_BLOCKED_MISSING_PROVENANCE,ADMISSION_NOT_READY_MISSING_PROVENANCE,FIELD_PIN_NOT_EXPOSED_GATED_ON_ADMISSION,1,27,,NO,NO
291,53bba0285b0487933d3674d3bcb2c8507b3b7dbcbff79d6e58e3b64fc3d13fe2,CANDIDATE,,ebe46a3743a70d93de9ea5c2d99250e06312f0bc791de5c901fcc693ea6b6acd,ADMISSION_BLOCKED_MISSING_PROVENANCE,ADMISSION_NOT_READY_MISSING_PROVENANCE,FIELD_PIN_NOT_EXPOSED_GATED_ON_ADMISSION,1,18,,NO,NO
292,43b831e1bc5ad8c84accc94cb6efd6c112cd17e2439b7abfa9e5ec17a44a5506,CANDIDATE,,ec2add7a9979896a9ce65127857f17f0deda02b01a034898c243e95b8a1f0db9,ADMISSION_BLOCKED_MISSING_PROVENANCE,ADMISSION_NOT_READY_MISSING_PROVENANCE,FIELD_PIN_NOT_EXPOSED_GATED_ON_ADMISSION,1,21,,NO,NO
293,40eda86b5947b8bd3e0918a218b696c8f918bf6d673e5bd493fc506e9a436804,CANDIDATE,,ef1f7858c89b0d85bf4d9e7f5787f91f48064833a5f4e5d2a5f3e20455b70577,ADMISSION_BLOCKED_MISSING_PROVENANCE,ADMISSION_NOT_READY_MISSING_PROVENANCE,FIELD_PIN_NOT_EXPOSED_GATED_ON_ADMISSION,1,18,,NO,NO
294,12b595fa816616295c260c350fd63d2843b76164124a392a152e054f1c9e8e57,CANDIDATE,,ef7e8da861ca452e1894718e6efce2e4adda183c08b05698c79ab5da611eaf9f,ADMISSION_BLOCKED_MISSING_PROVENANCE,ADMISSION_NOT_READY_MISSING_PROVENANCE,FIELD_PIN_NOT_EXPOSED_GATED_ON_ADMISSION,1,20,,NO,NO
295,36b3a179b76b76729ab60189eef964806d53c68efb124efbd0a3340e9e64b120,CANDIDATE,,f00d8360fc381848c515d033929e05f5532c9697f231233376b2f3f0b6a115bd,ADMISSION_BLOCKED_MISSING_PROVENANCE,ADMISSION_NOT_READY_MISSING_PROVENANCE,FIELD_PIN_NOT_EXPOSED_GATED_ON_ADMISSION,1,19,,NO,NO
296,ec08c2476c4fa6c244da066a566b8c98fbb2e8483b78cfe929ef7a1a3bb60a90,CANDIDATE,,f07004b802c45621eb8ab553c3dda688a4b79775dad2ee8dd8ae6962567805d7,ADMISSION_BLOCKED_MISSING_PROVENANCE,ADMISSION_NOT_READY_MISSING_PROVENANCE,FIELD_PIN_NOT_EXPOSED_GATED_ON_ADMISSION,1,18,,NO,NO
297,20f3f2e35a25e857c47de3f84ede587757b2cff3d8467f7ceee4ca05f8b1c176,CANDIDATE,,f21fd05254d402ff0526f0fa4a523cd1993d15f10e6f4260486abeec2f8e0a77,ADMISSION_BLOCKED_MISSING_PROVENANCE,ADMISSION_NOT_READY_MISSING_PROVENANCE,FIELD_PIN_NOT_EXPOSED_GATED_ON_ADMISSION,1,21,,NO,NO
298,8513d925e0aec8743d4e2b16eface2ac37c3ca625b25fc7d0036938237789f5e,CANDIDATE,,f41c2bd851a8c06c234de838ce7b46163dd75c07d6fe2c81328b3315198dac84,ADMISSION_BLOCKED_MISSING_PROVENANCE,ADMISSION_NOT_READY_MISSING_PROVENANCE,FIELD_PIN_NOT_EXPOSED_GATED_ON_ADMISSION,1,21,,NO,NO
299,5aa0097b3995ed3db9df295100e48b382e927364a4a1392a865e1f9ddd4d6b3f,CANDIDATE,,f455b12d7972b4b3caa1b5761111608911601f9ba9d3777b210101a3f1cf9a66,ADMISSION_BLOCKED_MISSING_PROVENANCE,ADMISSION_NOT_READY_MISSING_PROVENANCE,FIELD_PIN_NOT_EXPOSED_GATED_ON_ADMISSION,1,19,,NO,NO
300,7bd222c3b146447c05ea2631ebc8f10666d63a6eb9c372eeb9aa68517735c6c7,CANDIDATE,,f7344da1f96086ed6f8666b8838bd15c5134f860015d0e5beeef9d4fb318773d,ADMISSION_BLOCKED_MISSING_PROVENANCE,ADMISSION_NOT_READY_MISSING_PROVENANCE,FIELD_PIN_NOT_EXPOSED_GATED_ON_ADMISSION,1,18,,NO,NO
301,1239927e55c839a39dc9360b1170e8d7b78b58c0cfd60c3d19c9b39aac5ceb49,CANDIDATE,,f7e57499f2332ae37ea46bbb4a674d3d4b0eaf881cc188b070812cf75ce6ac45,ADMISSION_BLOCKED_MISSING_PROVENANCE,ADMISSION_NOT_READY_MISSING_PROVENANCE,FIELD_PIN_NOT_EXPOSED_GATED_ON_ADMISSION,1,18,,NO,NO
302,a16a2cd5da98e0b94ea94349f4f0f42b2b6c5601ec7a52a863191d92571a0ad9,CANDIDATE,,f80a8da175df422147cb7c47c828228b39235172256b8316b62a37ea70da11b1,ADMISSION_BLOCKED_MISSING_PROVENANCE,ADMISSION_NOT_READY_MISSING_PROVENANCE,FIELD_PIN_NOT_EXPOSED_GATED_ON_ADMISSION,1,19,,NO,NO
303,d4b28728521415ea3115cf0f2e911372000f8351f2dd51aeb9c2dbf71176a447,CANDIDATE,,f8c90d892bf654ac87a74611068a8f0eeb9688a15825469c75f7df6ea7e61186,ADMISSION_BLOCKED_MISSING_PROVENANCE,ADMISSION_NOT_READY_MISSING_PROVENANCE,FIELD_PIN_NOT_EXPOSED_GATED_ON_ADMISSION,1,20,,NO,NO
304,c5cbcb3f6ed350bea654b1818178384eff5caa326b8de5f96330c2588003b03d,CANDIDATE,,f90dfd5d47a89fe666c40069fb906cf206b5ce2878fc4844f3bd1f06d8c6b77d,ADMISSION_BLOCKED_MISSING_PROVENANCE,ADMISSION_NOT_READY_MISSING_PROVENANCE,FIELD_PIN_NOT_EXPOSED_GATED_ON_ADMISSION,1,20,,NO,NO
305,0265d2e8db75cc0a5d5e5b26f51b72e08c82b68feb5014318369a6fad523cf3d,CANDIDATE,,f9a7625c71fdb47dcb06f22794e80de7d3ce73454990eadf4e0bd591a0447a88,ADMISSION_BLOCKED_MISSING_PROVENANCE,ADMISSION_NOT_READY_MISSING_PROVENANCE,FIELD_PIN_NOT_EXPOSED_GATED_ON_ADMISSION,1,25,,NO,NO
306,9f26b854e827c430ff3194f503189a7d87f63d33604b12fd1bc5843dd1ddb22d,CANDIDATE,,fb0749d3e24ac90769e3727e9bbc706ce8fcb64444b340b39bfd846b52f4206c,ADMISSION_BLOCKED_MISSING_PROVENANCE,ADMISSION_NOT_READY_MISSING_PROVENANCE,FIELD_PIN_NOT_EXPOSED_GATED_ON_ADMISSION,1,19,,NO,NO
307,f80424e995946811b45d4baa88844735c0c43ff37f65496a055d0bb1ac9b70a7,CANDIDATE,,fb3c12b590d494727bf721c46c9a64267cf117a78b45fcf9799644cf0cc0e5b4,ADMISSION_BLOCKED_MISSING_PROVENANCE,ADMISSION_NOT_READY_MISSING_PROVENANCE,FIELD_PIN_NOT_EXPOSED_GATED_ON_ADMISSION,1,20,,NO,NO
308,bb9a301c1d6717c927bdc1c8a6b1849f8fae0e4fcc541f383ea4450b6a3e4c80,CANDIDATE,,fb6169b3f40d7a1a9bf2aa633caa826438e46c76891de67e478dd2b5331c524b,ADMISSION_BLOCKED_MISSING_PROVENANCE,ADMISSION_NOT_READY_MISSING_PROVENANCE,FIELD_PIN_NOT_EXPOSED_GATED_ON_ADMISSION,1,19,,NO,NO
309,a8d48fc14835a3fc5cec84ca2b57aa2e1140e5438d20d64ce1ccd0391e47d016,CANDIDATE,,fba558d33b4654c2a8d80c1037394c501a3e42c294d314c9fa2e5ebf5381760e,ADMISSION_BLOCKED_MISSING_PROVENANCE,ADMISSION_NOT_READY_MISSING_PROVENANCE,FIELD_PIN_NOT_EXPOSED_GATED_ON_ADMISSION,1,19,,NO,NO
310,f74e84a896728d91af968e70853bb6cbcaa2e4785d262f2e11b0a7cbc7d86baf,CANDIDATE,,fd98309eb82a24c68b1bc73da36681590aaa35b6d5a7218955bd2c601b11d5a1,ADMISSION_BLOCKED_MISSING_PROVENANCE,ADMISSION_NOT_READY_MISSING_PROVENANCE,FIELD_PIN_NOT_EXPOSED_GATED_ON_ADMISSION,1,19,,NO,NO
311,342e2cc67f1acdfdcf954e596d54b323cae92cbd8b4da664d1264c2f4a2eab0f,CANDIDATE,,fda53044b7a2518b1684df91ec73f447d07b5438c97e719fbcc7882bd7903dff,ADMISSION_BLOCKED_MISSING_PROVENANCE,ADMISSION_NOT_READY_MISSING_PROVENANCE,FIELD_PIN_NOT_EXPOSED_GATED_ON_ADMISSION,1,19,,NO,NO
312,9eb66255fe708fa3e7c6399840462f0d42f20b0c024ef6c08a351c1f59223e12,CANDIDATE,,fdc430982aaa7b912ffdc63beef8b9ee94e05f24daa9fe917c3003c8aa64dda5,ADMISSION_BLOCKED_MISSING_PROVENANCE,ADMISSION_NOT_READY_MISSING_PROVENANCE,FIELD_PIN_NOT_EXPOSED_GATED_ON_ADMISSION,1,18,,NO,NO
313,dc24cceffbef61aea9d42cde8763a8960540c0713d2e22eccb37b55cb02cc6a6,CANDIDATE,,fe29c7a65714079f9d6e333068ba852efff3098f896144b5e6f536a6b76e798c,ADMISSION_BLOCKED_MISSING_PROVENANCE,ADMISSION_NOT_READY_MISSING_PROVENANCE,FIELD_PIN_NOT_EXPOSED_GATED_ON_ADMISSION,1,24,,NO,NO
314,eb083e4c2ec3823b0e9f04bf55b68dfef1efe05d2111c2361295576d4c95aceb,CANDIDATE,,fe5151526f76955a3a7eaf3df2e2e059fbf207185674041bb0e3f23f03945a08,ADMISSION_BLOCKED_MISSING_PROVENANCE,ADMISSION_NOT_READY_MISSING_PROVENANCE,FIELD_PIN_NOT_EXPOSED_GATED_ON_ADMISSION,1,19,,NO,NO
315,9d7adc71d8d7444728c2345fd124a1e4ff5f1d781beddb8d02a0e6559449eecd,CANDIDATE,,fe533541798877dbd9aec5e1d036b0625aac86d0733f4657355b01dbb456584c,ADMISSION_BLOCKED_MISSING_PROVENANCE,ADMISSION_NOT_READY_MISSING_PROVENANCE,FIELD_PIN_NOT_EXPOSED_GATED_ON_ADMISSION,1,19,,NO,NO
316,84be3823b91dd0842c5fcd0931a2b56cdff112580a7f4996a7e8da6d6c883dd6,CANDIDATE,,ff0c634da67f6853b0c4515bf6915bb849ae71985266548d8f6c638520d42db6,ADMISSION_BLOCKED_MISSING_PROVENANCE,ADMISSION_NOT_READY_MISSING_PROVENANCE,FIELD_PIN_NOT_EXPOSED_GATED_ON_ADMISSION,1,19,,NO,NO
317,d2635ff011552c84e7e05dfc6edbec173b881c6809457677d47eeeac35273071,CANDIDATE,,ff948fa5f09c6d3de8525ed05adec2ea8bda1c2e07ec79800b504c144f61774a,ADMISSION_BLOCKED_MISSING_PROVENANCE,ADMISSION_NOT_READY_MISSING_PROVENANCE,FIELD_PIN_NOT_EXPOSED_GATED_ON_ADMISSION,1,25,,NO,NO
